Date,Strain ID,Receptor,Condition,Plate,File name/#,Area,Mean,Mode,Min,Max,Integrated Density,Median,Raw Integrated Density,Mean 1,Mean 2,Mean 3,Backsub Mean Fluorescence,Average Background mean fluorescence,RAW CTCF or corrected total cell fluorescence = Raw integrated density - (area of ROI X mean fluoresence of background readings),CTCF or corrected total cell fluorescence = Integrated density - (area of ROI X mean fluoresence of background readings),,,,,,,,,,,,,,,,,,,
20220122,PY12406,srd-28,Adult,NGM,20220122_daf-2_OH16029_PHX2320_srd-28-t2A-mNG_control_adult_NGM.Project Maximum Z_XY1642883763_Z0_T0_merged.tif:2,60.469,1563.53,1547,1389,1916,94544.542,1554,2110766,1290.065,,,273.465,,,,,,,,,,,,,,,,,,,,,,
20220122,PY12406,srd-28,Adult,NGM,20220122_daf-2_OH16029_PHX2320_srd-28-t2A-mNG_control_adult_NGM.Project Maximum Z_XY1642883763_Z0_T0_merged.tif:2,50.928,1550.403,1565,1383,1902,78958.954,1542,1762808,1290.065,,,260.338,,,,,,,,,,,,,,,,,,,,,,
20220122,PY12406,srd-28,Adult,NGM,20220122_daf-2_OH16029_PHX2320_srd-28-t2A-mNG_control_adult_NGM - 1.Project Maximum Z_XY1642883851_Z0_T0_merged.tif:2,45.06,1623.242,1550,1409,2152,73143.798,1607,1632981,1299.11,,,324.132,,,,,,,,,,,,,,,,,,,,,,
20220122,PY12406,srd-28,Adult,NGM,20220122_daf-2_OH16029_PHX2320_srd-28-t2A-mNG_control_adult_NGM - 1.Project Maximum Z_XY1642883851_Z0_T0_merged.tif:2,34.131,1595.167,1582,1419,2091,54444.926,1584,1215517,1299.11,,,296.057,,,,,,,,,,,,,,,,,,,,,,
20220122,PY12406,srd-28,Adult,NGM,20220122_daf-2_OH16029_PHX2320_srd-28-t2A-mNG_control_adult_NGM - 2.Project Maximum Z_XY1642883931_Z0_T0_merged.tif:2,51.242,1621.231,1574,1430,2044,83074.404,1611,1854688,1293.509,,,327.722,,,,,,,,,,,,,,,,,,,,,,
20220122,PY12406,srd-28,Adult,NGM,20220122_daf-2_OH16029_PHX2320_srd-28-t2A-mNG_control_adult_NGM - 2.Project Maximum Z_XY1642883931_Z0_T0_merged.tif:2,48.375,1571.634,1561,1403,2032,76027.659,1564,1697365,1293.509,,,278.125,,,,,,,,,,,,,,,,,,,,,,
20220122,PY12406,srd-28,Adult,NGM,20220122_daf-2_OH16029_PHX2320_srd-28-t2A-mNG_control_adult_NGM - 3.Project Maximum Z_XY1642884067_Z0_T0_merged.tif:2,45.687,1581.351,1524,1406,2070,72247.832,1569,1612978,1297.127,,,284.224,,,,,,,,,,,,,,,,,,,,,,
20220122,PY12406,srd-28,Adult,NGM,20220122_daf-2_OH16029_PHX2320_srd-28-t2A-mNG_control_adult_NGM - 3.Project Maximum Z_XY1642884067_Z0_T0_merged.tif:2,52.093,1591.899,1558,1425,1995,82926.189,1580,1851379,1297.127,,,294.772,,,,,,,,,,,,,,,,,,,,,,
20220122,PY12406,srd-28,Adult,NGM,20220122_daf-2_OH16029_PHX2320_srd-28-t2A-mNG_control_adult_NGM - 4.Project Maximum Z_XY1642884154_Z0_T0_merged.tif:2,55.542,1829.303,1677,1469,2461,101602.352,1805,2268336,1285.494,,,543.809,,,,,,,,,,,,,,,,,,,,,,
20220122,PY12406,srd-28,Adult,NGM,20220122_daf-2_OH16029_PHX2320_srd-28-t2A-mNG_control_adult_NGM - 4.Project Maximum Z_XY1642884154_Z0_T0_merged.tif:2,50.794,1708.899,1626,1472,2212,86801.243,1689,1937892,1285.494,,,423.405,,,,,,,,,,,,,,,,,,,,,,
20220122,PY12406,srd-28,Adult,NGM,20220122_daf-2_OH16029_PHX2320_srd-28-t2A-mNG_control_adult_NGM - 5.Project Maximum Z_XY1642884265_Z0_T0_merged.tif:2,55.81,1552.787,1519,1343,1869,86661.538,1541,1934773,1303.36,,,249.427,,,,,,,,,,,,,,,,,,,,,,
20220122,PY12406,srd-28,Adult,NGM,20220122_daf-2_OH16029_PHX2320_srd-28-t2A-mNG_control_adult_NGM - 5.Project Maximum Z_XY1642884265_Z0_T0_merged.tif:2,45.15,1671.826,1644,1416,2141,75482.814,1661,1685201,1303.36,,,368.466,,,,,,,,,,,,,,,,,,,,,,
20220122,PY12406,srd-28,Adult,NGM,20220122_daf-2_OH16029_PHX2320_srd-28-t2A-mNG_control_adult_NGM - 6.Project Maximum Z_XY1642884383_Z0_T0_merged.tif:2,69.964,1556.09,1526,1365,1968,108870.95,1544,2430612,1277.271,,,278.819,,,,,,,,,,,,,,,,,,,,,,
20220122,PY12406,srd-28,Adult,NGM,20220122_daf-2_OH16029_PHX2320_srd-28-t2A-mNG_control_adult_NGM - 6.Project Maximum Z_XY1642884383_Z0_T0_merged.tif:2,63.156,1588.406,1532,1366,2499,100317.55,1564,2239652,1277.271,,,311.135,,,,,,,,,,,,,,,,,,,,,,
20220122,PY12406,srd-28,Adult,1mM NAA,20220122_daf-2_OH16029_PHX2320_srd-28-t2A-mNG_control_adult_NAA.Project Maximum Z_XY1642882516_Z0_T0_merged.tif:2,64.724,1646.294,1619,1393,2269,106554.464,1634,2378895,1273.244,,,373.05,,,,,,,,,,,,,,,,,,,,,,
20220122,PY12406,srd-28,Adult,1mM NAA,20220122_daf-2_OH16029_PHX2320_srd-28-t2A-mNG_control_adult_NAA.Project Maximum Z_XY1642882516_Z0_T0_merged.tif:2,39.058,1699.274,1640,1478,2141,66370.684,1686,1481767,1273.244,,,426.03,,,,,,,,,,,,,,,,,,,,,,
20220122,PY12406,srd-28,Adult,1mM NAA,20220122_daf-2_OH16029_PHX2320_srd-28-t2A-mNG_control_adult_NAA - 1.Project Maximum Z_XY1642882672_Z0_T0_merged.tif:2,36.953,1590.618,1544,1399,2061,58778.198,1579,1312260,1248.308,,,342.31,,,,,,,,,,,,,,,,,,,,,,
20220122,PY12406,srd-28,Adult,1mM NAA,20220122_daf-2_OH16029_PHX2320_srd-28-t2A-mNG_control_adult_NAA - 1.Project Maximum Z_XY1642882672_Z0_T0_merged.tif:2,60.961,1661.218,1607,1406,2251,101270.088,1644,2260918,1248.308,,,412.91,,,,,,,,,,,,,,,,,,,,,,
20220122,PY12406,srd-28,Adult,1mM NAA,20220122_daf-2_OH16029_PHX2320_srd-28-t2A-mNG_control_adult_NAA - 2.Project Maximum Z_XY1642882747_Z0_T0_merged.tif:2,46.718,1723.393,1643,1497,2196,80512.819,1705,1797499,1307.208,,,416.185,,,,,,,,,,,,,,,,,,,,,,
20220122,PY12406,srd-28,Adult,1mM NAA,20220122_daf-2_OH16029_PHX2320_srd-28-t2A-mNG_control_adult_NAA - 3.Project Maximum Z_XY1642882841_Z0_T0_merged.tif:2,50.883,1609.374,1560,1424,2035,81890.16,1593,1828249,1294.002,,,315.372,,,,,,,,,,,,,,,,,,,,,,
20220122,PY12406,srd-28,Adult,1mM NAA,20220122_daf-2_OH16029_PHX2320_srd-28-t2A-mNG_control_adult_NAA - 4.Project Maximum Z_XY1642882951_Z0_T0_merged.tif:2,50.614,1792.163,1618,1380,2577,90709.398,1738,2025144,1253.858,,,538.305,,,,,,,,,,,,,,,,,,,,,,
20220122,PY12406,srd-28,Adult,1mM NAA,20220122_daf-2_OH16029_PHX2320_srd-28-t2A-mNG_control_adult_NAA - 4.Project Maximum Z_XY1642882951_Z0_T0_merged.tif:2,55.452,1561.036,1506,1366,2007,86562.504,1551,1932562,1253.858,,,307.178,,,,,,,,,,,,,,,,,,,,,,
20220122,PY12406,srd-28,Adult,1mM NAA,20220122_daf-2_OH16029_PHX2320_srd-28-t2A-mNG_control_adult_NAA - 5.Project Maximum Z_XY1642883052_Z0_T0_merged.tif:2,58.901,1879.309,1791,1657,2309,110693.027,1866,2471291,1301.186,,,578.123,,,,,,,,,,,,,,,,,,,,,,
20220122,PY12406,srd-28,Adult,1mM NAA,20220122_daf-2_OH16029_PHX2320_srd-28-t2A-mNG_control_adult_NAA - 5.Project Maximum Z_XY1642883052_Z0_T0_merged.tif:2,76.773,1794.309,1793,1522,2454,137754.083,1779,3075446,1301.186,,,493.123,,,,,,,,,,,,,,,,,,,,,,
20220122,PY12406,srd-28,Adult,1mM NAA,20220122_daf-2_OH16029_PHX2320_srd-28-t2A-mNG_control_adult_NAA - 6.Project Maximum Z_XY1642883154_Z0_T0_merged.tif:2,45.419,1804.209,1742,1517,2645,81944.761,1771,1829468,1275.771,,,528.438,,,,,,,,,,,,,,,,,,,,,,
20220122,PY12406,srd-28,Adult,1mM NAA,20220122_daf-2_OH16029_PHX2320_srd-28-t2A-mNG_control_adult_NAA - 6.Project Maximum Z_XY1642883154_Z0_T0_merged.tif:2,44.612,1833.377,1764,1558,2647,81791.35,1797,1826043,1275.771,,,557.606,,,,,,,,,,,,,,,,,,,,,,
20220122,PY12406,srd-28,Adult,1mM NAA,20220122_daf-2_OH16029_PHX2320_srd-28-t2A-mNG_control_adult_NAA - 7.Project Maximum Z_XY1642883306_Z0_T0_merged.tif:2,46.404,1914.982,1841,1555,2672,88862.955,1890,1983921,1282.325,,,632.657,,,,,,,,,,,,,,,,,,,,,,
20220122,PY12406,srd-28,Adult,1mM NAA,20220122_daf-2_OH16029_PHX2320_srd-28-t2A-mNG_control_adult_NAA - 8.Project Maximum Z_XY1642883411_Z0_T0_merged.tif:2,47.613,2160.961,1892,1633,3046,102890.826,2137,2297102,1302.96,,,858.001,,,,,,,,,,,,,,,,,,,,,,
20220122,PY12406,srd-28,Adult,1mM NAA,20220122_daf-2_OH16029_PHX2320_srd-28-t2A-mNG_control_adult_NAA - 8.Project Maximum Z_XY1642883411_Z0_T0_merged.tif:2,45.508,3063.827,2237,1866,7212,139429.378,2998,3112848,1302.96,,,1760.867,,,,,,,,,,,,,,,,,,,,,,
20220122,PY12406,srd-28,Adult,1mM NAA,20220122_daf-2_OH16029_PHX2320_srd-28-t2A-mNG_control_adult_NAA - 10.Project Maximum Z_XY1642883600_Z0_T0_merged.tif:2,54.78,1948.343,1842,1607,2515,106730.405,1936,2382823,1274.286,,,674.057,,,,,,,,,,,,,,,,,,,,,,
20220122,PY12406,srd-28,Dauer,NGM,20220122_daf-2_OH16029_PHX2320_srd-28-t2A-mNG_dauer_NGM.Project Maximum Z_XY1642895235_Z0_T0_merged.tif:2,19.887,23701.561,17721,6098,34917,471363.87,25379,10523493,1362.509,,,22339.052,,,,,,,,,,,,,,,,,,,,,,
20220122,PY12406,srd-28,Dauer,NGM,20220122_daf-2_OH16029_PHX2320_srd-28-t2A-mNG_dauer_NGM.Project Maximum Z_XY1642895235_Z0_T0_merged.tif:2,25.979,25024.616,5988,4223,43354,650117.388,26970,14514277,1362.509,,,23662.107,,,,,,,,,,,,,,,,,,,,,,
20220122,PY12406,srd-28,Dauer,NGM,20220122_daf-2_OH16029_PHX2320_srd-28-t2A-mNG_dauer_NGM - 1.Project Maximum Z_XY1642895311_Z0_T0_merged.tif:2,20.246,19755.852,19605,3793,29626,399972.901,20735,8929645,1401.116,,,18354.736,,,,,,,,,,,,,,,,,,,,,,
20220122,PY12406,srd-28,Dauer,NGM,20220122_daf-2_OH16029_PHX2320_srd-28-t2A-mNG_dauer_NGM - 1.Project Maximum Z_XY1642895311_Z0_T0_merged.tif:2,18.23,22412.361,18621,2937,37217,408581.216,24295,9121831,1401.116,,,21011.245,,,,,,,,,,,,,,,,,,,,,,
20220122,PY12406,srd-28,Dauer,NGM,20220122_daf-2_OH16029_PHX2320_srd-28-t2A-mNG_dauer_NGM - 2.Project Maximum Z_XY1642895502_Z0_T0_merged.tif:2,22.172,24804.186,11669,5046,35998,549954.234,26763,12278072,1402.893,,,23401.293,,,,,,,,,,,,,,,,,,,,,,
20220122,PY12406,srd-28,Dauer,NGM,20220122_daf-2_OH16029_PHX2320_srd-28-t2A-mNG_dauer_NGM - 2.Project Maximum Z_XY1642895502_Z0_T0_merged.tif:2,18.32,20370.68,27166,4668,29914,373185.879,21934,8331608,1402.893,,,18967.787,,,,,,,,,,,,,,,,,,,,,,
20220122,PY12406,srd-28,Dauer,NGM,20220122_daf-2_OH16029_PHX2320_srd-28-t2A-mNG_dauer_NGM - 3.Project Maximum Z_XY1642895671_Z0_T0_merged.tif:2,15.319,20910.447,22780,6810,27942,320321.29,22373,7151373,1347.692,,,19562.755,,,,,,,,,,,,,,,,,,,,,,
20220122,PY12406,srd-28,Dauer,NGM,20220122_daf-2_OH16029_PHX2320_srd-28-t2A-mNG_dauer_NGM - 3.Project Maximum Z_XY1642895671_Z0_T0_merged.tif:2,21.186,15919.795,5009,2581,28450,337283.413,17275,7530063,1347.692,,,14572.103,,,,,,,,,,,,,,,,,,,,,,
20220122,PY12406,srd-28,Dauer,NGM,20220122_daf-2_OH16029_PHX2320_srd-28-t2A-mNG_dauer_NGM - 4.Project Maximum Z_XY1642895757_Z0_T0_merged.tif:2,32.34,17225.644,9330,2270,25578,557069.063,18957,12436915,1293.455,,,15932.189,,,,,,,,,,,,,,,,,,,,,,
20220122,PY12406,srd-28,Dauer,NGM,20220122_daf-2_OH16029_PHX2320_srd-28-t2A-mNG_dauer_NGM - 4.Project Maximum Z_XY1642895757_Z0_T0_merged.tif:2,25.845,20385.728,9125,2627,34883,526863.862,22664,11762565,1293.455,,,19092.273,,,,,,,,,,,,,,,,,,,,,,
20220122,PY12406,srd-28,Dauer,NGM,20220122_daf-2_OH16029_PHX2320_srd-28-t2A-mNG_dauer_NGM - 5.Project Maximum Z_XY1642895818_Z0_T0_merged.tif:2,22.53,10903.891,9308,2181,17761,245666.448,11159,5484657,1289.419,,,9614.472,,,,,,,,,,,,,,,,,,,,,,
20220122,PY12406,srd-28,Dauer,NGM,20220122_daf-2_OH16029_PHX2320_srd-28-t2A-mNG_dauer_NGM - 5.Project Maximum Z_XY1642895818_Z0_T0_merged.tif:2,26.606,11267.803,7003,2668,20528,299793.399,11405,6693075,1289.419,,,9978.384,,,,,,,,,,,,,,,,,,,,,,
20220122,PY12406,srd-28,Dauer,NGM,20220122_daf-2_OH16029_PHX2320_srd-28-t2A-mNG_dauer_NGM - 6.Project Maximum Z_XY1642895892_Z0_T0_merged.tif:2,25.666,24648.749,17502,5076,36880,632624.305,26727,14123733,1289.81,,,23358.939,,,,,,,,,,,,,,,,,,,,,,
20220122,PY12406,srd-28,Dauer,NGM,20220122_daf-2_OH16029_PHX2320_srd-28-t2A-mNG_dauer_NGM - 6.Project Maximum Z_XY1642895892_Z0_T0_merged.tif:2,30.1,15363.774,3475,2656,26380,462448.688,14995,10324456,1289.81,,,14073.964,,,,,,,,,,,,,,,,,,,,,,
20220122,PY12406,srd-28,Dauer,NGM,20220122_daf-2_OH16029_PHX2320_srd-28-t2A-mNG_dauer_NGM - 7.Project Maximum Z_XY1642896046_Z0_T0_merged.tif:2,24.904,14218.725,3599,2823,24897,354104.801,15404,7905611,1289.228,,,12929.497,,,,,,,,,,,,,,,,,,,,,,
20220122,PY12406,srd-28,Dauer,NGM,20220122_daf-2_OH16029_PHX2320_srd-28-t2A-mNG_dauer_NGM - 7.Project Maximum Z_XY1642896046_Z0_T0_merged.tif:2,18.051,11297.725,6804,2703,17144,203935.299,12127,4552983,1289.228,,,10008.497,,,,,,,,,,,,,,,,,,,,,,
20220122,PY12406,srd-28,Dauer,1mM NAA,20220122_daf-2_OH16029_PHX2320_srd-28-t2A-mNG_dauer_NAA.Project Maximum Z_XY1642897598_Z0_T0_merged.tif:2,29.921,13769.425,8852,2105,25445,411991.87,14372,9197976,1332.175,,,12437.25,,,,,,,,,,,,,,,,,,,,,,
20220122,PY12406,srd-28,Dauer,1mM NAA,20220122_daf-2_OH16029_PHX2320_srd-28-t2A-mNG_dauer_NAA.Project Maximum Z_XY1642897598_Z0_T0_merged.tif:2,28.622,7935.313,2326,2134,11937,227123.093,8579,5070665,1332.175,,,6603.138,,,,,,,,,,,,,,,,,,,,,,
20220122,PY12406,srd-28,Dauer,1mM NAA,20220122_daf-2_OH16029_PHX2320_srd-28-t2A-mNG_dauer_NAA - 1.Project Maximum Z_XY1642897727_Z0_T0_merged.tif:2,23.605,8940.178,3724,2236,14370,211034.361,9817,4711474,1298.328,,,7641.85,,,,,,,,,,,,,,,,,,,,,,
20220122,PY12406,srd-28,Dauer,1mM NAA,20220122_daf-2_OH16029_PHX2320_srd-28-t2A-mNG_dauer_NAA - 1.Project Maximum Z_XY1642897727_Z0_T0_merged.tif:2,19.171,8487.843,9205,2646,12778,162718.714,8880,3632797,1298.328,,,7189.515,,,,,,,,,,,,,,,,,,,,,,
20220122,PY12406,srd-28,Dauer,1mM NAA,20220122_daf-2_OH16029_PHX2320_srd-28-t2A-mNG_dauer_NAA - 2.Project Maximum Z_XY1642897825_Z0_T0_merged.tif:2,19.395,16782.085,16194,4368,24378,325484.415,17698,7266643,1369.416,,,15412.669,,,,,,,,,,,,,,,,,,,,,,
20220122,PY12406,srd-28,Dauer,1mM NAA,20220122_daf-2_OH16029_PHX2320_srd-28-t2A-mNG_dauer_NAA - 2.Project Maximum Z_XY1642897825_Z0_T0_merged.tif:2,20.828,17016.865,21096,3846,25328,354428.689,18260,7912842,1369.416,,,15647.449,,,,,,,,,,,,,,,,,,,,,,
20220122,PY12406,srd-28,Dauer,1mM NAA,20220122_daf-2_OH16029_PHX2320_srd-28-t2A-mNG_dauer_NAA - 3.Project Maximum Z_XY1642897886_Z0_T0_merged.tif:2,25.397,5374.681,3166,1889,8339,136499.829,5600,3047444,1294.222,,,4080.459,,,,,,,,,,,,,,,,,,,,,,
20220122,PY12406,srd-28,Dauer,1mM NAA,20220122_daf-2_OH16029_PHX2320_srd-28-t2A-mNG_dauer_NAA - 3.Project Maximum Z_XY1642897886_Z0_T0_merged.tif:2,26.651,4922.482,5172,2159,8011,131189.026,4976,2928877,1294.222,,,3628.26,,,,,,,,,,,,,,,,,,,,,,
20220122,PY12406,srd-28,Dauer,1mM NAA,20220122_daf-2_OH16029_PHX2320_srd-28-t2A-mNG_dauer_NAA - 4.Project Maximum Z_XY1642897986_Z0_T0_merged.tif:2,25.845,11605.334,5943,2219,20460,299936.866,12453,6696278,1292.97,,,10312.364,,,,,,,,,,,,,,,,,,,,,,
20220122,PY12406,srd-28,Dauer,1mM NAA,20220122_daf-2_OH16029_PHX2320_srd-28-t2A-mNG_dauer_NAA - 4.Project Maximum Z_XY1642897986_Z0_T0_merged.tif:2,26.069,14060.502,5509,2362,24125,366538.988,14771,8183212,1292.97,,,12767.532,,,,,,,,,,,,,,,,,,,,,,
20220122,PY12406,srd-28,Dauer,1mM NAA,20220122_daf-2_OH16029_PHX2320_srd-28-t2A-mNG_dauer_NAA - 5.Project Maximum Z_XY1642898089_Z0_T0_merged.tif:2,28.711,15299.637,14967,3223,26080,439274.018,16493,9807067,1314.138,,,13985.499,,,,,,,,,,,,,,,,,,,,,,
20220122,PY12406,srd-28,Dauer,1mM NAA,20220122_daf-2_OH16029_PHX2320_srd-28-t2A-mNG_dauer_NAA - 5.Project Maximum Z_XY1642898089_Z0_T0_merged.tif:2,25.128,13181.016,7965,2868,23404,331213.572,14045,7394550,1314.138,,,11866.878,,,,,,,,,,,,,,,,,,,,,,
20220122,PY12406,srd-28,Dauer,1mM NAA,20220122_daf-2_OH16029_PHX2320_srd-28-t2A-mNG_dauer_NAA - 6.Project Maximum Z_XY1642898190_Z0_T0_merged.tif:2,27.502,8282.327,3762,2059,12882,227780.812,8894,5085349,1294.453,,,6987.874,,,,,,,,,,,,,,,,,,,,,,
20220122,PY12406,srd-28,Dauer,1mM NAA,20220122_daf-2_OH16029_PHX2320_srd-28-t2A-mNG_dauer_NAA - 6.Project Maximum Z_XY1642898190_Z0_T0_merged.tif:2,28.263,10045.139,4183,3091,16061,283910.663,10769,6338483,1294.453,,,8750.686,,,,,,,,,,,,,,,,,,,,,,
20220122,PY12406,srd-28,Dauer,1mM NAA,20220122_daf-2_OH16029_PHX2320_srd-28-t2A-mNG_dauer_NAA - 7.Project Maximum Z_XY1642898260_Z0_T0_merged.tif:2,22.127,23599.379,28897,3253,39199,522184.396,24698,11658093,1338.35,,,22261.029,,,,,,,,,,,,,,,,,,,,,,
20220122,PY12406,srd-28,Dauer,1mM NAA,20220122_daf-2_OH16029_PHX2320_srd-28-t2A-mNG_dauer_NAA - 7.Project Maximum Z_XY1642898260_Z0_T0_merged.tif:2,21.679,22263.829,31251,4608,36419,482660.306,23554,10775693,1338.35,,,20925.479,,,,,,,,,,,,,,,,,,,,,,
20220125,PY12406,srd-28,Adult,NGM,20220125_daf-2_OH16029_PHX2320_srd-28-t2A-mNG_control_adult_NGM.Project Maximum Z_XY1643150471_Z0_T0_merged.tif:2,74.623,1902.9,1831,1599,2547,141999.698,1880,3170232,1329.114,,,573.786,,,,,,,,,,,,,,,,,,,,,,
20220125,PY12406,srd-28,Adult,NGM,20220125_daf-2_OH16029_PHX2320_srd-28-t2A-mNG_control_adult_NGM - 1.Project Maximum Z_XY1643150561_Z0_T0_merged.tif:2,45.867,1842.575,1796,1579,2365,84512.617,1822,1886797,1383.441,,,459.134,,,,,,,,,,,,,,,,,,,,,,
20220125,PY12406,srd-28,Adult,NGM,20220125_daf-2_OH16029_PHX2320_srd-28-t2A-mNG_control_adult_NGM - 1.Project Maximum Z_XY1643150561_Z0_T0_merged.tif:2,36.281,2109.686,2063,1767,2751,76541.911,2080,1708846,1383.441,,,726.245,,,,,,,,,,,,,,,,,,,,,,
20220125,PY12406,srd-28,Adult,NGM,20220125_daf-2_OH16029_PHX2320_srd-28-t2A-mNG_control_adult_NGM - 2.Project Maximum Z_XY1643150650_Z0_T0_merged.tif:2,36.236,1655.888,1575,1469,2095,60003.382,1648,1339613,1365.997,,,289.891,,,,,,,,,,,,,,,,,,,,,,
20220125,PY12406,srd-28,Adult,NGM,20220125_daf-2_OH16029_PHX2320_srd-28-t2A-mNG_control_adult_NGM - 3.Project Maximum Z_XY1643150741_Z0_T0_merged.tif:2,75.205,1672.529,1658,1432,2323,125782.638,1652,2808176,1348,,,324.529,,,,,,,,,,,,,,,,,,,,,,
20220125,PY12406,srd-28,Adult,NGM,20220125_daf-2_OH16029_PHX2320_srd-28-t2A-mNG_control_adult_NGM - 3.Project Maximum Z_XY1643150741_Z0_T0_merged.tif:2,62.081,1759.755,1857,1467,2309,109247.557,1752,2439020,1348,,,411.755,,,,,,,,,,,,,,,,,,,,,,
20220125,PY12406,srd-28,Adult,NGM,20220125_daf-2_OH16029_PHX2320_srd-28-t2A-mNG_control_adult_NGM - 4.Project Maximum Z_XY1643150824_Z0_T0_merged.tif:2,63.559,1776.092,1754,1532,2488,112887.097,1754,2520275,1317.812,,,458.28,,,,,,,,,,,,,,,,,,,,,,
20220125,PY12406,srd-28,Adult,NGM,20220125_daf-2_OH16029_PHX2320_srd-28-t2A-mNG_control_adult_NGM - 5.Project Maximum Z_XY1643150905_Z0_T0_merged.tif:2,45.822,1742.622,1679,1518,2245,79850.038,1731,1782702,1301.908,,,440.714,,,,,,,,,,,,,,,,,,,,,,
20220125,PY12406,srd-28,Adult,NGM,20220125_daf-2_OH16029_PHX2320_srd-28-t2A-mNG_control_adult_NGM - 5.Project Maximum Z_XY1643150905_Z0_T0_merged.tif:2,40.805,1722.02,1666,1487,2213,70267.238,1709,1568760,1301.908,,,420.112,,,,,,,,,,,,,,,,,,,,,,
20220125,PY12406,srd-28,Adult,NGM,20220125_daf-2_OH16029_PHX2320_srd-28-t2A-mNG_control_adult_NGM - 6.Project Maximum Z_XY1643151013_Z0_T0_merged.tif:2,91.912,1602.964,1569,1409,2094,147332.135,1589,3289282,1300.049,,,302.915,,,,,,,,,,,,,,,,,,,,,,
20220125,PY12406,srd-28,Adult,NGM,20220125_daf-2_OH16029_PHX2320_srd-28-t2A-mNG_control_adult_NGM - 6.Project Maximum Z_XY1643151013_Z0_T0_merged.tif:2,58.139,1615.181,1572,1405,2111,93905.77,1603,2096505,1300.049,,,315.132,,,,,,,,,,,,,,,,,,,,,,
20220125,PY12406,srd-28,Adult,1mM NAA,20220125_daf-2_OH16029_PHX2320_srd-28-t2A-mNG_control_adult_NAA - 1.Project Maximum Z_XY1643149887_Z0_T0_merged.tif:2,39.73,2035.387,1938,1768,2503,80866.18,2027,1805388,1439.536,,,595.851,,,,,,,,,,,,,,,,,,,,,,
20220125,PY12406,srd-28,Adult,1mM NAA,20220125_daf-2_OH16029_PHX2320_srd-28-t2A-mNG_control_adult_NAA - 1.Project Maximum Z_XY1643149887_Z0_T0_merged.tif:2,50.301,2041.899,2018,1773,2611,102709.465,2029,2293053,1439.536,,,602.363,,,,,,,,,,,,,,,,,,,,,,
20220125,PY12406,srd-28,Adult,1mM NAA,20220125_daf-2_OH16029_PHX2320_srd-28-t2A-mNG_control_adult_NAA - 2.Project Maximum Z_XY1643150033_Z0_T0_merged.tif:2,102.08,1882.29,1905,1601,2525,192144.184,1868,4289739,1376.049,,,506.241,,,,,,,,,,,,,,,,,,,,,,
20220125,PY12406,srd-28,Adult,1mM NAA,20220125_daf-2_OH16029_PHX2320_srd-28-t2A-mNG_control_adult_NAA - 3.Project Maximum Z_XY1643150147_Z0_T0_merged.tif:2,45.419,1820.14,1719,1582,2453,82668.324,1804,1845622,1344.121,,,476.019,,,,,,,,,,,,,,,,,,,,,,
20220125,PY12406,srd-28,Adult,1mM NAA,20220125_daf-2_OH16029_PHX2320_srd-28-t2A-mNG_control_adult_NAA - 3.Project Maximum Z_XY1643150147_Z0_T0_merged.tif:2,47.166,1910.479,1764,1619,3067,90108.743,1855,2011734,1344.121,,,566.358,,,,,,,,,,,,,,,,,,,,,,
20220125,PY12406,srd-28,Adult,1mM NAA,20220125_daf-2_OH16029_PHX2320_srd-28-t2A-mNG_control_adult_NAA - 4.Project Maximum Z_XY1643150230_Z0_T0_merged.tif:2,26.069,1908.825,1846,1653,2363,49760.578,1892,1110936,1323.11,,,585.715,,,,,,,,,,,,,,,,,,,,,,
20220125,PY12406,srd-28,Adult,1mM NAA,20220125_daf-2_OH16029_PHX2320_srd-28-t2A-mNG_control_adult_NAA - 4.Project Maximum Z_XY1643150230_Z0_T0_merged.tif:2,40.581,1921.691,1822,1642,2669,77984.469,1891,1741052,1323.11,,,598.581,,,,,,,,,,,,,,,,,,,,,,
20220125,PY12406,srd-28,Adult,1mM NAA,20220125_daf-2_OH16029_PHX2320_srd-28-t2A-mNG_control_adult_NAA - 5.Project Maximum Z_XY1643150305_Z0_T0_merged.tif:2,49.629,1871.84,1826,1562,2450,92897.69,1859,2073999,1424.297,,,447.543,,,,,,,,,,,,,,,,,,,,,,
20220125,PY12406,srd-28,Adult,1mM NAA,20220125_daf-2_OH16029_PHX2320_srd-28-t2A-mNG_control_adult_NAA - 5.Project Maximum Z_XY1643150305_Z0_T0_merged.tif:2,70.278,1979.477,1870,1658,2563,139113.642,1968,3105799,1424.297,,,555.18,,,,,,,,,,,,,,,,,,,,,,
20220125,PY12406,srd-28,Dauer,NGM,20220125_daf-2_OH16029_PHX2320_srd-28-t2A-mNG_dauer_NGM.Project Maximum Z_XY1643146557_Z0_T0_merged.tif:2,30.593,26409.015,15578,4753,42682,807921.704,29311,18037357,1318.778,,,25090.237,,,,,,,,,,,,,,,,,,,,,,
20220125,PY12406,srd-28,Dauer,NGM,20220125_daf-2_OH16029_PHX2320_srd-28-t2A-mNG_dauer_NGM.Project Maximum Z_XY1643146557_Z0_T0_merged.tif:2,30.1,19802.722,7540,3142,32037,596060.76,21280,13307429,1318.778,,,18483.944,,,,,,,,,,,,,,,,,,,,,,
20220125,PY12406,srd-28,Dauer,NGM,20220125_daf-2_OH16029_PHX2320_srd-28-t2A-mNG_dauer_NGM - 1.Project Maximum Z_XY1643146655_Z0_T0_merged.tif:2,22.799,18025.654,12957,4346,27660,410965.337,19410,9175058,1341.8,,,16683.854,,,,,,,,,,,,,,,,,,,,,,
20220125,PY12406,srd-28,Dauer,NGM,20220125_daf-2_OH16029_PHX2320_srd-28-t2A-mNG_dauer_NGM - 1.Project Maximum Z_XY1643146655_Z0_T0_merged.tif:2,25.128,21508.847,10246,4754,33518,540475.933,23602,12066463,1341.8,,,20167.047,,,,,,,,,,,,,,,,,,,,,,
20220125,PY12406,srd-28,Dauer,NGM,20220125_daf-2_OH16029_PHX2320_srd-28-t2A-mNG_dauer_NGM - 2.Project Maximum Z_XY1643146756_Z0_T0_merged.tif:2,17.827,21731.538,7118,4698,41763,387409.177,22771,8649152,1361.227,,,20370.311,,,,,,,,,,,,,,,,,,,,,,
20220125,PY12406,srd-28,Dauer,NGM,20220125_daf-2_OH16029_PHX2320_srd-28-t2A-mNG_dauer_NGM - 2.Project Maximum Z_XY1643146756_Z0_T0_merged.tif:2,20.783,20175.769,19231,3477,31386,419318.922,20977,9361557,1361.227,,,18814.542,,,,,,,,,,,,,,,,,,,,,,
20220125,PY12406,srd-28,Dauer,NGM,20220125_daf-2_OH16029_PHX2320_srd-28-t2A-mNG_dauer_NGM - 3.Project Maximum Z_XY1643146823_Z0_T0_merged.tif:2,18.947,7781.035,4608,3229,11518,147426.018,8139,3291378,1326.182,,,6454.853,,,,,,,,,,,,,,,,,,,,,,
20220125,PY12406,srd-28,Dauer,NGM,20220125_daf-2_OH16029_PHX2320_srd-28-t2A-mNG_dauer_NGM - 3.Project Maximum Z_XY1643146823_Z0_T0_merged.tif:2,26.113,12761.801,6460,3772,24148,333255.172,12935,7440130,1326.182,,,11435.619,,,,,,,,,,,,,,,,,,,,,,
20220125,PY12406,srd-28,Dauer,NGM,20220125_daf-2_OH16029_PHX2320_srd-28-t2A-mNG_dauer_NGM - 5.Project Maximum Z_XY1643146964_Z0_T0_merged.tif:2,30.01,20606.036,15772,4977,33105,618394.513,21755,13806044,1295.758,,,19310.278,,,,,,,,,,,,,,,,,,,,,,
20220125,PY12406,srd-28,Dauer,NGM,20220125_daf-2_OH16029_PHX2320_srd-28-t2A-mNG_dauer_NGM - 5.Project Maximum Z_XY1643146964_Z0_T0_merged.tif:2,23.874,25334.794,7878,4225,40986,604840.626,26992,13503445,1295.758,,,24039.036,,,,,,,,,,,,,,,,,,,,,,
20220125,PY12406,srd-28,Dauer,NGM,20220125_daf-2_OH16029_PHX2320_srd-28-t2A-mNG_dauer_NGM - 6.Project Maximum Z_XY1643147037_Z0_T0_merged.tif:2,25.71,23627.42,25802,5069,39620,607469.623,24081,13562139,1338.839,,,22288.581,,,,,,,,,,,,,,,,,,,,,,
20220125,PY12406,srd-28,Dauer,NGM,20220125_daf-2_OH16029_PHX2320_srd-28-t2A-mNG_dauer_NGM - 6.Project Maximum Z_XY1643147037_Z0_T0_merged.tif:2,29.607,27078.829,22045,3712,44636,801729.224,29957,17899106,1338.839,,,25739.99,,,,,,,,,,,,,,,,,,,,,,
20220125,PY12406,srd-28,Dauer,1mM NAA,20220125_daf-2_OH16029_PHX2320_srd-28-t2A-mNG_dauer_NAA.Project Maximum Z_XY1643142805_Z0_T0_merged.tif:2,20.022,13544.817,13931,4217,19697,271192.094,14726,6054533,1274.233,,,12270.584,,,,,,,,,,,,,,,,,,,,,,
20220125,PY12406,srd-28,Dauer,1mM NAA,20220125_daf-2_OH16029_PHX2320_srd-28-t2A-mNG_dauer_NAA.Project Maximum Z_XY1643142805_Z0_T0_merged.tif:2,25.218,13155.613,9246,2814,21105,331753.758,14350,7406610,1274.233,,,11881.38,,,,,,,,,,,,,,,,,,,,,,
20220125,PY12406,srd-28,Dauer,1mM NAA,20220125_daf-2_OH16029_PHX2320_srd-28-t2A-mNG_dauer_NAA - 1.Project Maximum Z_XY1643142863_Z0_T0_merged.tif:2,19.798,13869.577,9411,3986,20870,274588.192,15219,6130353,1290.766,,,12578.811,,,,,,,,,,,,,,,,,,,,,,
20220125,PY12406,srd-28,Dauer,1mM NAA,20220125_daf-2_OH16029_PHX2320_srd-28-t2A-mNG_dauer_NAA - 1.Project Maximum Z_XY1643142863_Z0_T0_merged.tif:2,20.828,13990.12,7224,3244,23695,291387.408,14940,6505406,1290.766,,,12699.354,,,,,,,,,,,,,,,,,,,,,,
20220125,PY12406,srd-28,Dauer,1mM NAA,20220125_daf-2_OH16029_PHX2320_srd-28-t2A-mNG_dauer_NAA - 2.Project Maximum Z_XY1643142937_Z0_T0_merged.tif:2,27.95,24225.814,26088,3935,33945,677110.182,26513,15116908,1279.139,,,22946.675,,,,,,,,,,,,,,,,,,,,,,
20220125,PY12406,srd-28,Dauer,1mM NAA,20220125_daf-2_OH16029_PHX2320_srd-28-t2A-mNG_dauer_NAA - 2.Project Maximum Z_XY1643142937_Z0_T0_merged.tif:2,28.846,16157.828,19074,2531,27016,466085.093,16560,10405641,1279.139,,,14878.689,,,,,,,,,,,,,,,,,,,,,,
20220125,PY12406,srd-28,Dauer,1mM NAA,20220125_daf-2_OH16029_PHX2320_srd-28-t2A-mNG_dauer_NAA - 3.Project Maximum Z_XY1643143031_Z0_T0_merged.tif:2,19.35,18770.15,14512,5455,28704,363201.702,19979,8108705,1278.297,,,17491.853,,,,,,,,,,,,,,,,,,,,,,
20220125,PY12406,srd-28,Dauer,1mM NAA,20220125_daf-2_OH16029_PHX2320_srd-28-t2A-mNG_dauer_NAA - 3.Project Maximum Z_XY1643143031_Z0_T0_merged.tif:2,20.515,16166.063,17362,3853,25918,331639.405,17284,7404057,1278.297,,,14887.766,,,,,,,,,,,,,,,,,,,,,,
20220125,PY12406,srd-28,Dauer,1mM NAA,20220125_daf-2_OH16029_PHX2320_srd-28-t2A-mNG_dauer_NAA - 4.Project Maximum Z_XY1643143100_Z0_T0_merged.tif:2,26.875,7734.97,3790,1963,13605,207876.913,8395,4640982,1262.992,,,6471.978,,,,,,,,,,,,,,,,,,,,,,
20220125,PY12406,srd-28,Dauer,1mM NAA,20220125_daf-2_OH16029_PHX2320_srd-28-t2A-mNG_dauer_NAA - 4.Project Maximum Z_XY1643143100_Z0_T0_merged.tif:2,24.994,7645.876,5374,2041,12621,191098.749,8268,4266399,1262.992,,,6382.884,,,,,,,,,,,,,,,,,,,,,,
20220125,PY12406,srd-28,Dauer,1mM NAA,20220125_daf-2_OH16029_PHX2320_srd-28-t2A-mNG_dauer_NAA - 5.Project Maximum Z_XY1643143147_Z0_T0_merged.tif:2,25.934,14054.261,4509,3532,25013,364487.758,15181,8137417,1276.34,,,12777.921,,,,,,,,,,,,,,,,,,,,,,
20220125,PY12406,srd-28,Dauer,1mM NAA,20220125_daf-2_OH16029_PHX2320_srd-28-t2A-mNG_dauer_NAA - 5.Project Maximum Z_XY1643143147_Z0_T0_merged.tif:2,25.755,9362.014,2191,1785,15881,241120.148,9923,5383158,1276.34,,,8085.674,,,,,,,,,,,,,,,,,,,,,,
20220125,PY12406,srd-28,Dauer,1mM NAA,20220125_daf-2_OH16029_PHX2320_srd-28-t2A-mNG_dauer_NAA - 6.Project Maximum Z_XY1643143210_Z0_T0_merged.tif:2,22.933,15414.365,3685,3056,25976,353502.086,16603,7892155,1330.385,,,14083.98,,,,,,,,,,,,,,,,,,,,,,
20220125,PY12406,srd-28,Dauer,1mM NAA,20220125_daf-2_OH16029_PHX2320_srd-28-t2A-mNG_dauer_NAA - 6.Project Maximum Z_XY1643143210_Z0_T0_merged.tif:2,18.185,17020.372,21529,4502,26714,309521.951,18228,6910271,1330.385,,,15689.987,,,,,,,,,,,,,,,,,,,,,,
20220126,PY12406,srd-28,Adult,NGM,20220126_daf-2_OH16029_PHX2320_srd-28-t2A-mNG_control_adult_NGM.Project Maximum Z_XY1643245085_Z0_T0_merged.tif:2,55.049,1972.391,1940,1662,2844,108577.834,1951,2424068,1393.7,,,578.691,,,,,,,,,,,,,,,,,,,,,,
20220126,PY12406,srd-28,Adult,NGM,20220126_daf-2_OH16029_PHX2320_srd-28-t2A-mNG_control_adult_NGM.Project Maximum Z_XY1643245085_Z0_T0_merged.tif:2,60.334,2018.38,1940,1722,2755,121777.464,1999,2718758,1393.7,,,624.68,,,,,,,,,,,,,,,,,,,,,,
20220126,PY12406,srd-28,Adult,NGM,20220126_daf-2_OH16029_PHX2320_srd-28-t2A-mNG_control_adult_NGM - 1.Project Maximum Z_XY1643245203_Z0_T0_merged.tif:2,55.945,1944.682,1892,1685,2535,108794.625,1930,2428908,1328.482,,,616.2,,,,,,,,,,,,,,,,,,,,,,
20220126,PY12406,srd-28,Adult,NGM,20220126_daf-2_OH16029_PHX2320_srd-28-t2A-mNG_control_adult_NGM - 1.Project Maximum Z_XY1643245203_Z0_T0_merged.tif:2,53.526,2067.439,1935,1696,3340,110661.628,2029,2470590,1328.482,,,738.957,,,,,,,,,,,,,,,,,,,,,,
20220126,PY12406,srd-28,Adult,NGM,20220126_daf-2_OH16029_PHX2320_srd-28-t2A-mNG_control_adult_NGM - 2.Project Maximum Z_XY1643245282_Z0_T0_merged.tif:2,54.019,1831.922,1772,1599,2400,98957.946,1821,2209298,1318.18,,,513.742,,,,,,,,,,,,,,,,,,,,,,
20220126,PY12406,srd-28,Adult,NGM,20220126_daf-2_OH16029_PHX2320_srd-28-t2A-mNG_control_adult_NGM - 2.Project Maximum Z_XY1643245282_Z0_T0_merged.tif:2,48.241,1836.942,1819,1570,2403,88615.033,1822,1978386,1318.18,,,518.762,,,,,,,,,,,,,,,,,,,,,,
20220126,PY12406,srd-28,Adult,NGM,20220126_daf-2_OH16029_PHX2320_srd-28-t2A-mNG_control_adult_NGM - 5.Project Maximum Z_XY1643245548_Z0_T0_merged.tif:2,66.56,1612.943,1536,1413,1923,107357.98,1602,2396834,1338.289,,,274.654,,,,,,,,,,,,,,,,,,,,,,
20220126,PY12406,srd-28,Adult,NGM,20220126_daf-2_OH16029_PHX2320_srd-28-t2A-mNG_control_adult_NGM - 5.Project Maximum Z_XY1643245548_Z0_T0_merged.tif:2,42.507,1674.202,1637,1472,1988,71165.667,1660,1588818,1338.289,,,335.913,,,,,,,,,,,,,,,,,,,,,,
20220126,PY12406,srd-28,Adult,NGM,20220126_daf-2_OH16029_PHX2320_srd-28-t2A-mNG_control_adult_NGM - 6.Project Maximum Z_XY1643245651_Z0_T0_merged.tif:2,49.898,2119.688,1993,1684,3276,105767.789,2079,2361332,1347.906,,,771.782,,,,,,,,,,,,,,,,,,,,,,
20220126,PY12406,srd-28,Adult,NGM,20220126_daf-2_OH16029_PHX2320_srd-28-t2A-mNG_control_adult_NGM - 6.Project Maximum Z_XY1643245651_Z0_T0_merged.tif:2,41.029,1855.656,1809,1592,2378,76135.875,1836,1699781,1347.906,,,507.75,,,,,,,,,,,,,,,,,,,,,,
20220126,PY12406,srd-28,Adult,NGM,20220126_daf-2_OH16029_PHX2320_srd-28-t2A-mNG_control_adult_NGM - 7.Project Maximum Z_XY1643245759_Z0_T0_merged.tif:2,35.296,2182.981,2081,1796,2929,77049.982,2160,1720189,1329.075,,,853.906,,,,,,,,,,,,,,,,,,,,,,
20220126,PY12406,srd-28,Adult,NGM,20220126_daf-2_OH16029_PHX2320_srd-28-t2A-mNG_control_adult_NGM - 7.Project Maximum Z_XY1643245759_Z0_T0_merged.tif:2,45.867,2505.715,2211,1819,3649,114928.563,2492,2565852,1329.075,,,1176.64,,,,,,,,,,,,,,,,,,,,,,
20220126,PY12406,srd-28,Adult,1mM NAA,20220126_daf-2_OH16029_PHX2320_srd-28-t2A-mNG_control_adult_NAA.Project Maximum Z_XY1643245902_Z0_T0_merged.tif:2,36.729,1949.521,1752,1590,2678,71604.132,1893,1598607,1285.581,,,663.94,,,,,,,,,,,,,,,,,,,,,,
20220126,PY12406,srd-28,Adult,1mM NAA,20220126_daf-2_OH16029_PHX2320_srd-28-t2A-mNG_control_adult_NAA.Project Maximum Z_XY1643245902_Z0_T0_merged.tif:2,51.152,1894.665,1796,1601,2522,96915.898,1872,2163708,1285.581,,,609.084,,,,,,,,,,,,,,,,,,,,,,
20220126,PY12406,srd-28,Adult,1mM NAA,20220126_daf-2_OH16029_PHX2320_srd-28-t2A-mNG_control_adult_NAA - 1.Project Maximum Z_XY1643245978_Z0_T0_merged.tif:2,47.793,1879.39,1781,1629,2496,89820.957,1864,2005309,1283.616,,,595.774,,,,,,,,,,,,,,,,,,,,,,
20220126,PY12406,srd-28,Adult,1mM NAA,20220126_daf-2_OH16029_PHX2320_srd-28-t2A-mNG_control_adult_NAA - 1.Project Maximum Z_XY1643245978_Z0_T0_merged.tif:2,53.078,1905.685,1783,1602,2427,101150.001,1893,2258237,1283.616,,,622.069,,,,,,,,,,,,,,,,,,,,,,
20220126,PY12406,srd-28,Adult,1mM NAA,20220126_daf-2_OH16029_PHX2320_srd-28-t2A-mNG_control_adult_NAA - 2.Project Maximum Z_XY1643246059_Z0_T0_merged.tif:2,24.232,1602.963,1523,1400,1995,38843.392,1594,867203,1274.058,,,328.905,,,,,,,,,,,,,,,,,,,,,,
20220126,PY12406,srd-28,Adult,1mM NAA,20220126_daf-2_OH16029_PHX2320_srd-28-t2A-mNG_control_adult_NAA - 3.Project Maximum Z_XY1643246120_Z0_T0_merged.tif:2,40.268,1658.249,1608,1487,2029,66773.763,1649,1490766,1345.817,,,312.432,,,,,,,,,,,,,,,,,,,,,,
20220126,PY12406,srd-28,Adult,1mM NAA,20220126_daf-2_OH16029_PHX2320_srd-28-t2A-mNG_control_adult_NAA - 4.Project Maximum Z_XY1643246200_Z0_T0_merged.tif:2,79.819,1681.29,1649,1468,2043,134198.169,1671,2996058,1300.984,,,380.306,,,,,,,,,,,,,,,,,,,,,,
20220126,PY12406,srd-28,Adult,1mM NAA,20220126_daf-2_OH16029_PHX2320_srd-28-t2A-mNG_control_adult_NAA - 5.Project Maximum Z_XY1643246279_Z0_T0_merged.tif:2,43.403,1705.947,1665,1499,2268,74043.302,1693,1653063,1287.053,,,418.894,,,,,,,,,,,,,,,,,,,,,,
20220126,PY12406,srd-28,Adult,1mM NAA,20220126_daf-2_OH16029_PHX2320_srd-28-t2A-mNG_control_adult_NAA - 5.Project Maximum Z_XY1643246279_Z0_T0_merged.tif:2,45.239,1774.288,1707,1547,2329,80267.898,1754,1792031,1287.053,,,487.235,,,,,,,,,,,,,,,,,,,,,,
20220126,PY12406,srd-28,Adult,1mM NAA,20220126_daf-2_OH16029_PHX2320_srd-28-t2A-mNG_control_adult_NAA - 6.Project Maximum Z_XY1643246354_Z0_T0_merged.tif:2,50.973,1682.109,1632,1485,2076,85741.833,1671,1914240,1277.132,,,404.977,,,,,,,,,,,,,,,,,,,,,,
20220126,PY12406,srd-28,Adult,1mM NAA,20220126_daf-2_OH16029_PHX2320_srd-28-t2A-mNG_control_adult_NAA - 6.Project Maximum Z_XY1643246354_Z0_T0_merged.tif:2,38.162,1732.757,1754,1491,2148,66126.211,1721,1476309,1277.132,,,455.625,,,,,,,,,,,,,,,,,,,,,,
20220126,PY12406,srd-28,Adult,1mM NAA,20220126_daf-2_OH16029_PHX2320_srd-28-t2A-mNG_control_adult_NAA - 7.Project Maximum Z_XY1643246492_Z0_T0_merged.tif:2,65.888,1761.746,1735,1511,2233,116078.676,1747,2591529,1335.594,,,426.152,,,,,,,,,,,,,,,,,,,,,,
20220126,PY12406,srd-28,Adult,1mM NAA,20220126_daf-2_OH16029_PHX2320_srd-28-t2A-mNG_control_adult_NAA - 8.Project Maximum Z_XY1643246568_Z0_T0_merged.tif:2,73.055,1655.359,1618,1460,2292,120932.382,1647,2699891,1300.442,,,354.917,,,,,,,,,,,,,,,,,,,,,,
20220126,PY12406,srd-28,Adult,1mM NAA,20220126_daf-2_OH16029_PHX2320_srd-28-t2A-mNG_control_adult_NAA - 8.Project Maximum Z_XY1643246568_Z0_T0_merged.tif:2,43.134,1574.564,1519,1397,1887,67917.695,1567,1516305,1300.442,,,274.122,,,,,,,,,,,,,,,,,,,,,,
20220126,PY12406,srd-28,Dauer,NGM,20220126_daf-2_OH16029_PHX2320_srd-28-t2A-mNG_dauer_NGM.Project Maximum Z_XY1643242104_Z0_T0_merged.tif:2,32.25,10473.062,5071,2723,18885,337755.606,11138,7540605,1322.726,,,9150.336,,,,,,,,,,,,,,,,,,,,,,
20220126,PY12406,srd-28,Dauer,NGM,20220126_daf-2_OH16029_PHX2320_srd-28-t2A-mNG_dauer_NGM.Project Maximum Z_XY1643242104_Z0_T0_merged.tif:2,25.486,8494.16,7416,2463,13590,216485.63,8822,4833177,1322.726,,,7171.434,,,,,,,,,,,,,,,,,,,,,,
20220126,PY12406,srd-28,Dauer,NGM,20220126_daf-2_OH16029_PHX2320_srd-28-t2A-mNG_dauer_NGM - 1.Project Maximum Z_XY1643242166_Z0_T0_merged.tif:2,25.934,14500.095,5548,3422,25806,376050.167,14746,8395555,1316.657,,,13183.438,,,,,,,,,,,,,,,,,,,,,,
20220126,PY12406,srd-28,Dauer,NGM,20220126_daf-2_OH16029_PHX2320_srd-28-t2A-mNG_dauer_NGM - 1.Project Maximum Z_XY1643242166_Z0_T0_merged.tif:2,27.323,11279.962,11459,2349,20461,308200.868,11535,6880777,1316.657,,,9963.305,,,,,,,,,,,,,,,,,,,,,,
20220126,PY12406,srd-28,Dauer,NGM,20220126_daf-2_OH16029_PHX2320_srd-28-t2A-mNG_dauer_NGM - 2.Project Maximum Z_XY1643242353_Z0_T0_merged.tif:2,24.187,18377.141,10855,4127,29313,444496.224,18684,9923656,1332.636,,,17044.505,,,,,,,,,,,,,,,,,,,,,,
20220126,PY12406,srd-28,Dauer,NGM,20220126_daf-2_OH16029_PHX2320_srd-28-t2A-mNG_dauer_NGM - 2.Project Maximum Z_XY1643242353_Z0_T0_merged.tif:2,24.949,20226.029,16835,4302,33920,504617.362,21549,11265898,1332.636,,,18893.393,,,,,,,,,,,,,,,,,,,,,,
20220126,PY12406,srd-28,Dauer,NGM,20220126_daf-2_OH16029_PHX2320_srd-28-t2A-mNG_dauer_NGM - 3.Project Maximum Z_XY1643242416_Z0_T0_merged.tif:2,21.59,11624.349,5640,3898,17405,250964.352,12225,5602936,1340.275,,,10284.074,,,,,,,,,,,,,,,,,,,,,,
20220126,PY12406,srd-28,Dauer,NGM,20220126_daf-2_OH16029_PHX2320_srd-28-t2A-mNG_dauer_NGM - 3.Project Maximum Z_XY1643242416_Z0_T0_merged.tif:2,24.322,15480.302,9914,3045,23715,376509.235,17101,8405804,1340.275,,,14140.027,,,,,,,,,,,,,,,,,,,,,,
20220126,PY12406,srd-28,Dauer,NGM,20220126_daf-2_OH16029_PHX2320_srd-28-t2A-mNG_dauer_NGM - 4.Project Maximum Z_XY1643242482_Z0_T0_merged.tif:2,23.202,14736.602,17631,3857,21925,341919.207,15960,7633560,1330.076,,,13406.526,,,,,,,,,,,,,,,,,,,,,,
20220126,PY12406,srd-28,Dauer,NGM,20220126_daf-2_OH16029_PHX2320_srd-28-t2A-mNG_dauer_NGM - 4.Project Maximum Z_XY1643242482_Z0_T0_merged.tif:2,28.129,9372.699,10189,2418,15674,263645.699,10189,5886055,1330.076,,,8042.623,,,,,,,,,,,,,,,,,,,,,,
20220126,PY12406,srd-28,Dauer,NGM,20220126_daf-2_OH16029_PHX2320_srd-28-t2A-mNG_dauer_NGM - 5.Project Maximum Z_XY1643242545_Z0_T0_merged.tif:2,24.994,10053.088,3948,2907,17499,251263.873,10653,5609623,1306.308,,,8746.78,,,,,,,,,,,,,,,,,,,,,,
20220126,PY12406,srd-28,Dauer,NGM,20220126_daf-2_OH16029_PHX2320_srd-28-t2A-mNG_dauer_NGM - 5.Project Maximum Z_XY1643242545_Z0_T0_merged.tif:2,25.128,9002.733,2510,2120,14009,226221.349,9537,5050533,1306.308,,,7696.425,,,,,,,,,,,,,,,,,,,,,,
20220126,PY12406,srd-28,Dauer,NGM,20220126_daf-2_OH16029_PHX2320_srd-28-t2A-mNG_dauer_NGM - 6.Project Maximum Z_XY1643242696_Z0_T0_merged.tif:2,18.857,8802.634,7632,1996,14052,165993.516,9549,3705909,1306.37,,,7496.264,,,,,,,,,,,,,,,,,,,,,,
20220126,PY12406,srd-28,Dauer,NGM,20220126_daf-2_OH16029_PHX2320_srd-28-t2A-mNG_dauer_NGM - 6.Project Maximum Z_XY1643242696_Z0_T0_merged.tif:2,19.26,7806.381,4854,2135,11663,150353.865,8670,3356744,1306.37,,,6500.011,,,,,,,,,,,,,,,,,,,,,,
20220126,PY12406,srd-28,Dauer,NGM,20220126_daf-2_OH16029_PHX2320_srd-28-t2A-mNG_dauer_NGM - 7.Project Maximum Z_XY1643242817_Z0_T0_merged.tif:2,31.668,11072.554,12993,1992,18944,350641.74,11483,7828296,1336.416,,,9736.138,,,,,,,,,,,,,,,,,,,,,,
20220126,PY12406,srd-28,Dauer,NGM,20220126_daf-2_OH16029_PHX2320_srd-28-t2A-mNG_dauer_NGM - 7.Project Maximum Z_XY1643242817_Z0_T0_merged.tif:2,27.278,13589.256,15651,3002,21617,370688.704,14574,8275857,1336.416,,,12252.84,,,,,,,,,,,,,,,,,,,,,,
20220126,PY12406,srd-28,Dauer,1mM NAA,20220126_daf-2_OH16029_PHX2320_srd-28-t2A-mNG_dauer_NAA.Project Maximum Z_XY1643239409_Z0_T0_merged.tif:2,20.962,5053.318,5223,2105,7174,105929.98,5257,2364953,1286.58,,,3766.738,,,,,,,,,,,,,,,,,,,,,,
20220126,PY12406,srd-28,Dauer,1mM NAA,20220126_daf-2_OH16029_PHX2320_srd-28-t2A-mNG_dauer_NAA.Project Maximum Z_XY1643239409_Z0_T0_merged.tif:2,27.95,3793.194,3289,1885,6259,106019.563,3798,2366953,1286.58,,,2506.614,,,,,,,,,,,,,,,,,,,,,,
20220126,PY12406,srd-28,Dauer,1mM NAA,20220126_daf-2_OH16029_PHX2320_srd-28-t2A-mNG_dauer_NAA - 1.Project Maximum Z_XY1643239472_Z0_T0_merged.tif:2,18.32,13615.919,10202,2991,24748,249440.318,15099,5568911,1339.858,,,12276.061,,,,,,,,,,,,,,,,,,,,,,
20220126,PY12406,srd-28,Dauer,1mM NAA,20220126_daf-2_OH16029_PHX2320_srd-28-t2A-mNG_dauer_NAA - 1.Project Maximum Z_XY1643239472_Z0_T0_merged.tif:2,24.456,13987.471,7635,3501,23128,342080.412,14569,7637159,1339.858,,,12647.613,,,,,,,,,,,,,,,,,,,,,,
20220126,PY12406,srd-28,Dauer,1mM NAA,20220126_daf-2_OH16029_PHX2320_srd-28-t2A-mNG_dauer_NAA - 2.Project Maximum Z_XY1643239548_Z0_T0_merged.tif:2,17.424,15576.846,11335,4680,21905,271409.781,16674,6059393,1321.634,,,14255.212,,,,,,,,,,,,,,,,,,,,,,
20220126,PY12406,srd-28,Dauer,1mM NAA,20220126_daf-2_OH16029_PHX2320_srd-28-t2A-mNG_dauer_NAA - 2.Project Maximum Z_XY1643239548_Z0_T0_merged.tif:2,21.813,13269.737,12341,4029,19853,289459.399,14007,6462362,1321.634,,,11948.103,,,,,,,,,,,,,,,,,,,,,,
20220126,PY12406,srd-28,Dauer,1mM NAA,20220126_daf-2_OH16029_PHX2320_srd-28-t2A-mNG_dauer_NAA - 3.Project Maximum Z_XY1643239601_Z0_T0_merged.tif:2,22.709,12713.249,15265,3139,21375,288709.364,13608,6445617,1345.936,,,11367.313,,,,,,,,,,,,,,,,,,,,,,
20220126,PY12406,srd-28,Dauer,1mM NAA,20220126_daf-2_OH16029_PHX2320_srd-28-t2A-mNG_dauer_NAA - 3.Project Maximum Z_XY1643239601_Z0_T0_merged.tif:2,25.755,20480.683,24208,3061,35285,527483.24,22993,11776393,1345.936,,,19134.747,,,,,,,,,,,,,,,,,,,,,,
20220126,PY12406,srd-28,Dauer,1mM NAA,20220126_daf-2_OH16029_PHX2320_srd-28-t2A-mNG_dauer_NAA - 4.Project Maximum Z_XY1643239684_Z0_T0_merged.tif:2,25.397,16912.899,5967,2461,27314,429533.955,18297,9589614,1353.645,,,15559.254,,,,,,,,,,,,,,,,,,,,,,
20220126,PY12406,srd-28,Dauer,1mM NAA,20220126_daf-2_OH16029_PHX2320_srd-28-t2A-mNG_dauer_NAA - 4.Project Maximum Z_XY1643239684_Z0_T0_merged.tif:2,21.993,17396.768,14255,3386,26090,382601.293,17970,8541813,1353.645,,,16043.123,,,,,,,,,,,,,,,,,,,,,,
20220126,PY12406,srd-28,Dauer,1mM NAA,20220126_daf-2_OH16029_PHX2320_srd-28-t2A-mNG_dauer_NAA - 5.Project Maximum Z_XY1643239805_Z0_T0_merged.tif:2,18.633,5419.156,4586,2316,8074,100976.748,5664,2254369,1304.605,,,4114.551,,,,,,,,,,,,,,,,,,,,,,
20220126,PY12406,srd-28,Dauer,1mM NAA,20220126_daf-2_OH16029_PHX2320_srd-28-t2A-mNG_dauer_NAA - 5.Project Maximum Z_XY1643239805_Z0_T0_merged.tif:2,19.574,7863.931,5682,2209,12055,153927.964,8413,3436538,1304.605,,,6559.326,,,,,,,,,,,,,,,,,,,,,,
20220126,PY12406,srd-28,Dauer,1mM NAA,20220126_daf-2_OH16029_PHX2320_srd-28-t2A-mNG_dauer_NAA - 6.Project Maximum Z_XY1643239864_Z0_T0_merged.tif:2,21.679,7882.981,4590,1897,13815,170896.134,8271,3815363,1325.186,,,6557.795,,,,,,,,,,,,,,,,,,,,,,
20220126,PY12406,srd-28,Dauer,1mM NAA,20220126_daf-2_OH16029_PHX2320_srd-28-t2A-mNG_dauer_NAA - 6.Project Maximum Z_XY1643239864_Z0_T0_merged.tif:2,22.217,3765.046,3824,2018,5104,83646.617,3863,1867463,1325.186,,,2439.86,,,,,,,,,,,,,,,,,,,,,,
20220126,PY12406,srd-28,Dauer,1mM NAA,20220126_daf-2_OH16029_PHX2320_srd-28-t2A-mNG_dauer_NAA - 7.Project Maximum Z_XY1643239926_Z0_T0_merged.tif:2,27.547,7601.702,2127,1933,17500,209402.738,8181,4675047,1299.46,,,6302.242,,,,,,,,,,,,,,,,,,,,,,
20220126,PY12406,srd-28,Dauer,1mM NAA,20220126_daf-2_OH16029_PHX2320_srd-28-t2A-mNG_dauer_NAA - 7.Project Maximum Z_XY1643239926_Z0_T0_merged.tif:2,23.157,11178.226,7980,2401,19079,258856.941,11733,5779143,1299.46,,,9878.766,,,,,,,,,,,,,,,,,,,,,,
20220126,PY12406,srd-28,Dauer,1mM NAA,20220126_daf-2_OH16029_PHX2320_srd-28-t2A-mNG_dauer_NAA - 8.Project Maximum Z_XY1643240087_Z0_T0_merged.tif:2,23.068,8758.913,6639,2823,13367,202047.647,9086,4510840,1307.536,,,7451.377,,,,,,,,,,,,,,,,,,,,,,
20220126,PY12406,srd-28,Dauer,1mM NAA,20220126_daf-2_OH16029_PHX2320_srd-28-t2A-mNG_dauer_NAA - 8.Project Maximum Z_XY1643240087_Z0_T0_merged.tif:2,26.337,9125.973,6300,2627,14996,240354.839,9489,5366072,1307.536,,,7818.437,,,,,,,,,,,,,,,,,,,,,,