Date,Strain ID,Receptor,Condition,Plate,File name/#,Area,Mean,Mode,Min,Max,Integrated Density,Median,Raw Integrated Density,Ch,Slice,Mean 1,Mean 2,Mean 3,Backsub Mean Fluorescence,Average Background mean fluorescence,RAW CTCF or corrected total cell fluorescence = Raw integrated density - (area of ROI X mean fluoresence of background readings),CTCF or corrected total cell fluorescence = Integrated density - (area of ROI X mean fluoresence of background readings),,,,,,,,,,,,,,,,,,,
20220205,PY12400,odr-10,Adult,NGM,20220205_daf-2_OH16029_PHX3508_odr-10-t2A-mNG_control_adult_NGM.Project Maximum Z_XY1644097788_Z0_T0_merged.tif:2,47.21,2902.824,2390,1789,13686,137043.241,2553,3059576,2,,1388.604,,,1514.22,,,,,,,,,,,,,,,,,,,,,,
20220205,PY12400,odr-10,Adult,NGM,20220205_daf-2_OH16029_PHX3508_odr-10-t2A-mNG_control_adult_NGM.Project Maximum Z_XY1644097788_Z0_T0_merged.tif:2,55.273,5648.717,3995,2215,30274,312220.464,4288,6970517,2,,1388.604,,,4260.113,,,,,,,,,,,,,,,,,,,,,,
20220205,PY12400,odr-10,Adult,NGM,20220205_daf-2_OH16029_PHX3508_odr-10-t2A-mNG_control_adult_NGM - 1.Project Maximum Z_XY1644097871_Z0_T0_merged.tif:2,55.586,5011.751,3586,1807,27001,278584.944,3749,6219583,2,,1310.937,,,3700.814,,,,,,,,,,,,,,,,,,,,,,
20220205,PY12400,odr-10,Adult,NGM,20220205_daf-2_OH16029_PHX3508_odr-10-t2A-mNG_control_adult_NGM - 1.Project Maximum Z_XY1644097871_Z0_T0_merged.tif:2,54.377,6154.965,3645,2046,24429,334688.413,4485,7472128,2,,1310.937,,,4844.028,,,,,,,,,,,,,,,,,,,,,,
20220205,PY12400,odr-10,Adult,NGM,20220205_daf-2_OH16029_PHX3508_odr-10-t2A-mNG_control_adult_NGM - 2.Project Maximum Z_XY1644097944_Z0_T0_merged.tif:2,38.297,7012.567,3806,2699,43542,268558.887,4829,5995745,2,,1394.357,,,5618.21,,,,,,,,,,,,,,,,,,,,,,
20220205,PY12400,odr-10,Adult,NGM,20220205_daf-2_OH16029_PHX3508_odr-10-t2A-mNG_control_adult_NGM - 3.Project Maximum Z_XY1644098032_Z0_T0_merged.tif:2,63.873,5985.822,2322,1928,34916,382331.155,4542,8535782,2,,1490.241,,,4495.581,,,,,,,,,,,,,,,,,,,,,,
20220205,PY12400,odr-10,Adult,NGM,20220205_daf-2_OH16029_PHX3508_odr-10-t2A-mNG_control_adult_NGM - 3.Project Maximum Z_XY1644098032_Z0_T0_merged.tif:2,38.476,4430.66,2851,2171,22727,170473.929,3606,3805937,2,,1490.241,,,2940.419,,,,,,,,,,,,,,,,,,,,,,
20220205,PY12400,odr-10,Adult,NGM,20220205_daf-2_OH16029_PHX3508_odr-10-t2A-mNG_control_adult_NGM - 4.Project Maximum Z_XY1644098117_Z0_T0_merged.tif:2,45.732,8468.134,4612,1987,36287,387266.426,6026,8645965,2,,1542.358,,,6925.776,,,,,,,,,,,,,,,,,,,,,,
20220205,PY12400,odr-10,Adult,NGM,20220205_daf-2_OH16029_PHX3508_odr-10-t2A-mNG_control_adult_NGM - 5.Project Maximum Z_XY1644098199_Z0_T0_merged.tif:2,54.914,4755.494,3014,1839,25240,261145.477,3753,5830236,2,,1432.523,,,3322.971,,,,,,,,,,,,,,,,,,,,,,
20220205,PY12400,odr-10,Adult,NGM,20220205_daf-2_OH16029_PHX3508_odr-10-t2A-mNG_control_adult_NGM - 5.Project Maximum Z_XY1644098199_Z0_T0_merged.tif:2,51.331,5120.178,3729,1853,23105,262824.624,4034,5867724,2,,1432.523,,,3687.655,,,,,,,,,,,,,,,,,,,,,,
20220205,PY12400,odr-10,Adult,NGM,20220205_daf-2_OH16029_PHX3508_odr-10-t2A-mNG_control_adult_NGM - 6.Project Maximum Z_XY1644098300_Z0_T0_merged.tif:2,46.942,5374.264,4591,1849,25164,252276.431,4818,5632229,2,,1355.672,,,4018.592,,,,,,,,,,,,,,,,,,,,,,
20220205,PY12400,odr-10,Adult,NGM,20220205_daf-2_OH16029_PHX3508_odr-10-t2A-mNG_control_adult_NGM - 6.Project Maximum Z_XY1644098300_Z0_T0_merged.tif:2,46.538,4003.766,3355,1688,21721,186329.073,3477,4159913,2,,1355.672,,,2648.094,,,,,,,,,,,,,,,,,,,,,,
20220205,PY12400,odr-10,Adult,NGM,20220205_daf-2_OH16029_PHX3508_odr-10-t2A-mNG_control_adult_NGM - 7.Project Maximum Z_XY1644098394_Z0_T0_merged.tif:2,62.663,5590.438,4507,1773,28950,350315.971,4429,7821023,2,,1323.286,,,4267.152,,,,,,,,,,,,,,,,,,,,,,
20220205,PY12400,odr-10,Adult,NGM,20220205_daf-2_OH16029_PHX3508_odr-10-t2A-mNG_control_adult_NGM - 7.Project Maximum Z_XY1644098394_Z0_T0_merged.tif:2,68.038,5405.265,1951,1691,30550,367765.606,4373,8210597,2,,1323.286,,,4081.979,,,,,,,,,,,,,,,,,,,,,,
20220205,PY12400,odr-10,Adult,1mM NAA,20220205_daf-2_OH16029_PHX3508_odr-10-t2A-mNG_control_adult_NAA.Project Maximum Z_XY1644098600_Z0_T0_merged.tif:2,50.122,3145.458,2722,1696,12782,157655.922,2731,3519767,2,,1287.138,,,1858.32,,,,,,,,,,,,,,,,,,,,,,
20220205,PY12400,odr-10,Adult,1mM NAA,20220205_daf-2_OH16029_PHX3508_odr-10-t2A-mNG_control_adult_NAA.Project Maximum Z_XY1644098600_Z0_T0_merged.tif:2,45.15,3223.935,2692,1723,12971,145560.359,2791,3249726,2,,1287.138,,,1936.797,,,,,,,,,,,,,,,,,,,,,,
20220205,PY12400,odr-10,Adult,1mM NAA,20220205_daf-2_OH16029_PHX3508_odr-10-t2A-mNG_control_adult_NAA - 1.Project Maximum Z_XY1644098702_Z0_T0_merged.tif:2,57.333,4365.381,3227,1752,22119,250281.37,3472,5587688,2,,1342.881,,,3022.5,,,,,,,,,,,,,,,,,,,,,,
20220205,PY12400,odr-10,Adult,1mM NAA,20220205_daf-2_OH16029_PHX3508_odr-10-t2A-mNG_control_adult_NAA - 1.Project Maximum Z_XY1644098702_Z0_T0_merged.tif:2,43.269,4273.125,2931,1709,16273,184892.427,3623,4127839,2,,1342.881,,,2930.244,,,,,,,,,,,,,,,,,,,,,,
20220205,PY12400,odr-10,Adult,1mM NAA,20220205_daf-2_OH16029_PHX3508_odr-10-t2A-mNG_control_adult_NAA - 2.Project Maximum Z_XY1644098776_Z0_T0_merged.tif:2,43.761,4615.178,2995,1911,19280,201966.529,3907,4509029,2,,1464.462,,,3150.716,,,,,,,,,,,,,,,,,,,,,,
20220205,PY12400,odr-10,Adult,1mM NAA,20220205_daf-2_OH16029_PHX3508_odr-10-t2A-mNG_control_adult_NAA - 2.Project Maximum Z_XY1644098776_Z0_T0_merged.tif:2,58.184,4917.971,2719,1908,25748,286148.495,3663,6388444,2,,1464.462,,,3453.509,,,,,,,,,,,,,,,,,,,,,,
20220205,PY12400,odr-10,Adult,1mM NAA,20220205_daf-2_OH16029_PHX3508_odr-10-t2A-mNG_control_adult_NAA - 3.Project Maximum Z_XY1644098863_Z0_T0_merged.tif:2,48.375,6313.942,6117,1949,33265,305436.332,5440,6819057,2,,1536.466,,,4777.476,,,,,,,,,,,,,,,,,,,,,,
20220205,PY12400,odr-10,Adult,1mM NAA,20220205_daf-2_OH16029_PHX3508_odr-10-t2A-mNG_control_adult_NAA - 3.Project Maximum Z_XY1644098863_Z0_T0_merged.tif:2,61.678,4517.248,3747,2002,26985,278614.82,3570,6220250,2,,1536.466,,,2980.782,,,,,,,,,,,,,,,,,,,,,,
20220205,PY12400,odr-10,Adult,1mM NAA,20220205_daf-2_OH16029_PHX3508_odr-10-t2A-mNG_control_adult_NAA - 4.Project Maximum Z_XY1644098960_Z0_T0_merged.tif:2,65.754,6116.337,3607,1883,43377,402173.87,4360,8978783,2,,1366.451,,,4749.886,,,,,,,,,,,,,,,,,,,,,,
20220205,PY12400,odr-10,Adult,1mM NAA,20220205_daf-2_OH16029_PHX3508_odr-10-t2A-mNG_control_adult_NAA - 5.Project Maximum Z_XY1644099069_Z0_T0_merged.tif:2,58.677,6082.273,4188,1877,61859,356889.359,4822,7967778,2,,1361.999,,,4720.274,,,,,,,,,,,,,,,,,,,,,,
20220205,PY12400,odr-10,Adult,1mM NAA,20220205_daf-2_OH16029_PHX3508_odr-10-t2A-mNG_control_adult_NAA - 6.Project Maximum Z_XY1644099163_Z0_T0_merged.tif:2,51.107,3977.18,2220,1695,20919,203262.484,3363,4537962,2,,1364.028,,,2613.152,,,,,,,,,,,,,,,,,,,,,,
20220205,PY12400,odr-10,Adult,1mM NAA,20220205_daf-2_OH16029_PHX3508_odr-10-t2A-mNG_control_adult_NAA - 6.Project Maximum Z_XY1644099163_Z0_T0_merged.tif:2,59.752,2996.28,2485,1668,10294,179033.644,2706,3997038,2,,1364.028,,,1632.252,,,,,,,,,,,,,,,,,,,,,,
20220205,PY12400,odr-10,Adult,1mM NAA,20220205_daf-2_OH16029_PHX3508_odr-10-t2A-mNG_control_adult_NAA - 7.Project Maximum Z_XY1644099236_Z0_T0_merged.tif:2,47.389,4913.625,2836,1831,19861,232854.175,4155,5198615,2,,1396.559,,,3517.066,,,,,,,,,,,,,,,,,,,,,,
20220205,PY12400,odr-10,Adult,1mM NAA,20220205_daf-2_OH16029_PHX3508_odr-10-t2A-mNG_control_adult_NAA - 7.Project Maximum Z_XY1644099236_Z0_T0_merged.tif:2,37.446,5116.187,4131,2225,18376,191579.497,4441,4277132,2,,1396.559,,,3719.628,,,,,,,,,,,,,,,,,,,,,,
20220205,PY12400,odr-10,Dauer,NGM,20220205_daf-2_OH16029_PHX3508_odr-10-t2A-mNG_dauer_NGM.Project Maximum Z_XY1644091443_Z0_T0_merged.tif:2,26.113,6715.321,5836,2212,22541,175360.466,6210,3915032,2,,1331.633,,,5383.688,,,,,,,,,,,,,,,,,,,,,,
20220205,PY12400,odr-10,Dauer,NGM,20220205_daf-2_OH16029_PHX3508_odr-10-t2A-mNG_dauer_NGM.Project Maximum Z_XY1644091443_Z0_T0_merged.tif:2,33.638,8225.342,5165,2652,19407,276687.976,8130,6177232,2,,1331.633,,,6893.709,,,,,,,,,,,,,,,,,,,,,,
20220205,PY12400,odr-10,Dauer,NGM,20220205_daf-2_OH16029_PHX3508_odr-10-t2A-mNG_dauer_NGM - 1.Project Maximum Z_XY1644091531_Z0_T0_merged.tif:2,29.249,7576.372,3572,1852,18843,221600.56,7669,4947371,2,,1314.059,,,6262.313,,,,,,,,,,,,,,,,,,,,,,
20220205,PY12400,odr-10,Dauer,NGM,20220205_daf-2_OH16029_PHX3508_odr-10-t2A-mNG_dauer_NGM - 1.Project Maximum Z_XY1644091531_Z0_T0_merged.tif:2,27.95,5988.186,3704,1738,11121,167369.469,6170,3736628,2,,1314.059,,,4674.127,,,,,,,,,,,,,,,,,,,,,,
20220205,PY12400,odr-10,Dauer,NGM,20220205_daf-2_OH16029_PHX3508_odr-10-t2A-mNG_dauer_NGM - 2.Project Maximum Z_XY1644091596_Z0_T0_merged.tif:2,33.28,7492.466,2675,2031,16729,249350.332,8075,5566902,2,,1288.949,,,6203.517,,,,,,,,,,,,,,,,,,,,,,
20220205,PY12400,odr-10,Dauer,NGM,20220205_daf-2_OH16029_PHX3508_odr-10-t2A-mNG_dauer_NGM - 2.Project Maximum Z_XY1644091596_Z0_T0_merged.tif:2,37.446,8866.172,3249,2404,20933,332000.56,8979,7412120,2,,1288.949,,,7577.223,,,,,,,,,,,,,,,,,,,,,,
20220205,PY12400,odr-10,Dauer,NGM,20220205_daf-2_OH16029_PHX3508_odr-10-t2A-mNG_dauer_NGM - 3.Project Maximum Z_XY1644091665_Z0_T0_merged.tif:2,35.43,6710.52,7093,1949,13968,237754.643,6913,5308021,2,,1306.054,,,5404.466,,,,,,,,,,,,,,,,,,,,,,
20220205,PY12400,odr-10,Dauer,NGM,20220205_daf-2_OH16029_PHX3508_odr-10-t2A-mNG_dauer_NGM - 3.Project Maximum Z_XY1644091665_Z0_T0_merged.tif:2,34.803,8819.287,9877,2259,24291,306938.148,9258,6852586,2,,1306.054,,,7513.233,,,,,,,,,,,,,,,,,,,,,,
20220205,PY12400,odr-10,Dauer,NGM,20220205_daf-2_OH16029_PHX3508_odr-10-t2A-mNG_dauer_NGM - 4.Project Maximum Z_XY1644091733_Z0_T0_merged.tif:2,37.894,5911.605,4871,2155,18334,224012.452,5397,5001218,2,,1312.861,,,4598.744,,,,,,,,,,,,,,,,,,,,,,
20220205,PY12400,odr-10,Dauer,NGM,20220205_daf-2_OH16029_PHX3508_odr-10-t2A-mNG_dauer_NGM - 4.Project Maximum Z_XY1644091733_Z0_T0_merged.tif:2,26.472,7177.975,7378,2198,16809,190014.076,7002,4242183,2,,1312.861,,,5865.114,,,,,,,,,,,,,,,,,,,,,,
20220205,PY12400,odr-10,Dauer,NGM,20220205_daf-2_OH16029_PHX3508_odr-10-t2A-mNG_dauer_NGM - 5.Project Maximum Z_XY1644091816_Z0_T0_merged.tif:2,32.698,7582.834,4184,1819,13974,247942.398,7883,5535469,2,,1308.618,,,6274.216,,,,,,,,,,,,,,,,,,,,,,
20220205,PY12400,odr-10,Dauer,NGM,20220205_daf-2_OH16029_PHX3508_odr-10-t2A-mNG_dauer_NGM - 5.Project Maximum Z_XY1644091816_Z0_T0_merged.tif:2,33.952,7429.318,7867,2127,17040,252240.329,7667,5631423,2,,1308.618,,,6120.7,,,,,,,,,,,,,,,,,,,,,,
20220205,PY12400,odr-10,Dauer,NGM,20220205_daf-2_OH16029_PHX3508_odr-10-t2A-mNG_dauer_NGM - 6.Project Maximum Z_XY1644091911_Z0_T0_merged.tif:2,29.921,7415.412,3370,2040,16385,221874.864,7522,4953495,2,,1366.717,,,6048.695,,,,,,,,,,,,,,,,,,,,,,
20220205,PY12400,odr-10,Dauer,NGM,20220205_daf-2_OH16029_PHX3508_odr-10-t2A-mNG_dauer_NGM - 6.Project Maximum Z_XY1644091911_Z0_T0_merged.tif:2,22.217,11070.355,6259,2812,30013,245945.903,10821,5490896,2,,1366.717,,,9703.638,,,,,,,,,,,,,,,,,,,,,,
20220205,PY12400,odr-10,Dauer,1mM NAA,20220205_daf-2_OH16029_PHX3508_odr-10-t2A-mNG_dauer_NAA.Project Maximum Z_XY1644093513_Z0_T0_merged.tif:2,27.457,10110.974,5055,3195,19938,277619.417,10994,6198027,2,,2449.481,,,7661.493,,,,,,,,,,,,,,,,,,,,,,
20220205,PY12400,odr-10,Dauer,1mM NAA,20220205_daf-2_OH16029_PHX3508_odr-10-t2A-mNG_dauer_NAA.Project Maximum Z_XY1644093513_Z0_T0_merged.tif:2,25.8,7640.184,9600,3091,14277,197116.363,8070,4400746,2,,2449.481,,,5190.703,,,,,,,,,,,,,,,,,,,,,,
20220205,PY12400,odr-10,Dauer,1mM NAA,20220205_daf-2_OH16029_PHX3508_odr-10-t2A-mNG_dauer_NAA - 1.Project Maximum Z_XY1644093649_Z0_T0_merged.tif:2,29.204,8711.187,9681,2888,23177,254402.464,9260,5679694,2,,2175.378,,,6535.809,,,,,,,,,,,,,,,,,,,,,,
20220205,PY12400,odr-10,Dauer,1mM NAA,20220205_daf-2_OH16029_PHX3508_odr-10-t2A-mNG_dauer_NAA - 1.Project Maximum Z_XY1644093649_Z0_T0_merged.tif:2,24.68,8795.015,3054,2936,15779,217062.367,8987,4846053,2,,2175.378,,,6619.637,,,,,,,,,,,,,,,,,,,,,,
20220205,PY12400,odr-10,Dauer,1mM NAA,20220205_daf-2_OH16029_PHX3508_odr-10-t2A-mNG_dauer_NAA - 2.Project Maximum Z_XY1644093739_Z0_T0_merged.tif:2,28.398,4846.644,3757,2890,10519,137634.31,4758,3072772,2,,2634.649,,,2211.995,,,,,,,,,,,,,,,,,,,,,,
20220205,PY12400,odr-10,Dauer,1mM NAA,20220205_daf-2_OH16029_PHX3508_odr-10-t2A-mNG_dauer_NAA - 2.Project Maximum Z_XY1644093739_Z0_T0_merged.tif:2,30.458,5520.196,5133,2874,14976,168135.629,5383,3753733,2,,2634.649,,,2885.547,,,,,,,,,,,,,,,,,,,,,,
20220205,PY12400,odr-10,Dauer,1mM NAA,20220205_daf-2_OH16029_PHX3508_odr-10-t2A-mNG_dauer_NAA - 3.Project Maximum Z_XY1644093822_Z0_T0_merged.tif:2,28.174,7522.967,5611,4070,12359,211951.334,7778,4731946,2,,3526.728,,,3996.239,,,,,,,,,,,,,,,,,,,,,,
20220205,PY12400,odr-10,Dauer,1mM NAA,20220205_daf-2_OH16029_PHX3508_odr-10-t2A-mNG_dauer_NAA - 3.Project Maximum Z_XY1644093822_Z0_T0_merged.tif:2,29.697,8208.4,8180,3578,13950,243763.344,8448,5442169,2,,3526.728,,,4681.672,,,,,,,,,,,,,,,,,,,,,,
20220205,PY12400,odr-10,Dauer,1mM NAA,20220205_daf-2_OH16029_PHX3508_odr-10-t2A-mNG_dauer_NAA - 5.Project Maximum Z_XY1644094086_Z0_T0_merged.tif:2,20.604,8408.87,6170,3718,11545,173257.412,8413,3868080,2,,3284.183,,,5124.687,,,,,,,,,,,,,,,,,,,,,,
20220205,PY12400,odr-10,Dauer,1mM NAA,20220205_daf-2_OH16029_PHX3508_odr-10-t2A-mNG_dauer_NAA - 5.Project Maximum Z_XY1644094086_Z0_T0_merged.tif:2,23.784,10567.593,11469,5011,19805,251343.109,10719,5611392,2,,3284.183,,,7283.41,,,,,,,,,,,,,,,,,,,,,,
20220205,PY12400,odr-10,Dauer,1mM NAA,20220205_daf-2_OH16029_PHX3508_odr-10-t2A-mNG_dauer_NAA - 6.Project Maximum Z_XY1644094142_Z0_T0_merged.tif:2,24.501,9789.069,8057,4349,15906,239841.931,9852,5354621,2,,2916.323,,,6872.746,,,,,,,,,,,,,,,,,,,,,,
20220205,PY12400,odr-10,Dauer,1mM NAA,20220205_daf-2_OH16029_PHX3508_odr-10-t2A-mNG_dauer_NAA - 6.Project Maximum Z_XY1644094142_Z0_T0_merged.tif:2,24.143,8573.369,9482,3705,15845,206983.948,8794,4621046,2,,2916.323,,,5657.046,,,,,,,,,,,,,,,,,,,,,,
20220205,PY12400,odr-10,Dauer,1mM NAA,20220205_daf-2_OH16029_PHX3508_odr-10-t2A-mNG_dauer_NAA - 7.Project Maximum Z_XY1644094215_Z0_T0_merged.tif:2,28.308,8281.949,8411,2560,27184,234447.725,8045,5234192,2,,2071.022,,,6210.927,,,,,,,,,,,,,,,,,,,,,,
20220205,PY12400,odr-10,Dauer,1mM NAA,20220205_daf-2_OH16029_PHX3508_odr-10-t2A-mNG_dauer_NAA - 7.Project Maximum Z_XY1644094215_Z0_T0_merged.tif:2,32.698,6714.936,6086,2631,20293,219563.976,6689,4901903,2,,2071.022,,,4643.914,,,,,,,,,,,,,,,,,,,,,,
20220205,PY12400,odr-10,Dauer,1mM NAA,20220205_daf-2_OH16029_PHX3508_odr-10-t2A-mNG_dauer_NAA - 8.Project Maximum Z_XY1644094311_Z0_T0_merged.tif:2,28.801,8110.879,7165,2661,18135,233601.299,8310,5215295,2,,1733.767,,,6377.112,,,,,,,,,,,,,,,,,,,,,,
20220205,PY12400,odr-10,Dauer,1mM NAA,20220205_daf-2_OH16029_PHX3508_odr-10-t2A-mNG_dauer_NAA - 8.Project Maximum Z_XY1644094311_Z0_T0_merged.tif:2,27.86,7910.156,8078,2602,21279,220379.81,7651,4920117,2,,1733.767,,,6176.389,,,,,,,,,,,,,,,,,,,,,,
20220205,PY12400,odr-10,Dauer,1mM NAA,20220205_daf-2_OH16029_PHX3508_odr-10-t2A-mNG_dauer_NAA - 9.Project Maximum Z_XY1644094365_Z0_T0_merged.tif:2,28.398,5048.751,5467,1773,9550,143373.724,5318,3200908,2,,1304.204,,,3744.547,,,,,,,,,,,,,,,,,,,,,,
20220205,PY12400,odr-10,Dauer,1mM NAA,20220205_daf-2_OH16029_PHX3508_odr-10-t2A-mNG_dauer_NAA - 9.Project Maximum Z_XY1644094365_Z0_T0_merged.tif:2,32.295,5480.404,2234,2040,9941,176988.147,5851,3951371,2,,1304.204,,,4176.2,,,,,,,,,,,,,,,,,,,,,,
20220206,PY12400,odr-10,Adult,NGM,20220206_daf-2_OH16029_PHX3508_odr-10-t2A-mNG_control_adult_NGM.Project Maximum Z_XY1644182873_Z0_T0_merged.tif:2,76.773,3583.824,2944,1818,12032,275140.069,3106,6142674,2,,1559.277,,,2024.547,,,,,,,,,,,,,,,,,,,,,,
20220206,PY12400,odr-10,Adult,NGM,20220206_daf-2_OH16029_PHX3508_odr-10-t2A-mNG_control_adult_NGM - 1.Project Maximum Z_XY1644182960_Z0_T0_merged.tif:2,58.991,3125.324,2095,1802,11598,184364.469,2799,4116052,2,,1660.9,,,1464.424,,,,,,,,,,,,,,,,,,,,,,
20220206,PY12400,odr-10,Adult,NGM,20220206_daf-2_OH16029_PHX3508_odr-10-t2A-mNG_control_adult_NGM - 1.Project Maximum Z_XY1644182960_Z0_T0_merged.tif:2,33.28,3092.744,2428,1842,7061,102926.973,2869,2297909,2,,1660.9,,,1431.844,,,,,,,,,,,,,,,,,,,,,,
20220206,PY12400,odr-10,Adult,NGM,20220206_daf-2_OH16029_PHX3508_odr-10-t2A-mNG_control_adult_NGM - 2.Project Maximum Z_XY1644183044_Z0_T0_merged.tif:2,53.75,3335.729,2881,1641,8812,179295.093,2995,4002875,2,,1305.734,,,2029.995,,,,,,,,,,,,,,,,,,,,,,
20220206,PY12400,odr-10,Adult,NGM,20220206_daf-2_OH16029_PHX3508_odr-10-t2A-mNG_control_adult_NGM - 2.Project Maximum Z_XY1644183044_Z0_T0_merged.tif:2,65.62,3692.315,1915,1643,15028,242288.447,3160,5409241,2,,1305.734,,,2386.581,,,,,,,,,,,,,,,,,,,,,,
20220206,PY12400,odr-10,Adult,NGM,20220206_daf-2_OH16029_PHX3508_odr-10-t2A-mNG_control_adult_NGM - 3.Project Maximum Z_XY1644183123_Z0_T0_merged.tif:2,55.766,5358.567,3884,1638,27988,298823.258,4090,6671416,2,,1309.109,,,4049.458,,,,,,,,,,,,,,,,,,,,,,
20220206,PY12400,odr-10,Adult,NGM,20220206_daf-2_OH16029_PHX3508_odr-10-t2A-mNG_control_adult_NGM - 4.Project Maximum Z_XY1644183223_Z0_T0_merged.tif:2,56.796,4137.335,3094,1500,36557,234982.94,3255,5246141,2,,1308.634,,,2828.701,,,,,,,,,,,,,,,,,,,,,,
20220206,PY12400,odr-10,Adult,NGM,20220206_daf-2_OH16029_PHX3508_odr-10-t2A-mNG_control_adult_NGM - 4.Project Maximum Z_XY1644183223_Z0_T0_merged.tif:2,52.809,3140.93,2409,1568,16227,165870.205,2647,3703156,2,,1308.634,,,1832.296,,,,,,,,,,,,,,,,,,,,,,
20220206,PY12400,odr-10,Adult,NGM,20220206_daf-2_OH16029_PHX3508_odr-10-t2A-mNG_control_adult_NGM - 5.Project Maximum Z_XY1644183306_Z0_T0_merged.tif:2,58.408,3912.423,3019,1510,17091,228517.679,3381,5101800,2,,1278.132,,,2634.291,,,,,,,,,,,,,,,,,,,,,,
20220206,PY12400,odr-10,Adult,NGM,20220206_daf-2_OH16029_PHX3508_odr-10-t2A-mNG_control_adult_NGM - 5.Project Maximum Z_XY1644183306_Z0_T0_merged.tif:2,48.464,4656.805,2749,1572,24889,225689.673,3313,5038663,2,,1278.132,,,3378.673,,,,,,,,,,,,,,,,,,,,,,
20220206,PY12400,odr-10,Adult,NGM,20220206_daf-2_OH16029_PHX3508_odr-10-t2A-mNG_control_adult_NGM - 6.Project Maximum Z_XY1644183380_Z0_T0_merged.tif:2,55.721,5320.185,3342,1623,35613,296444.556,3972,6618310,2,,1274.485,,,4045.7,,,,,,,,,,,,,,,,,,,,,,
20220206,PY12400,odr-10,Adult,NGM,20220206_daf-2_OH16029_PHX3508_odr-10-t2A-mNG_control_adult_NGM - 6.Project Maximum Z_XY1644183380_Z0_T0_merged.tif:2,61.409,2640.457,2260,1474,10632,162148.518,2340,3620067,2,,1274.485,,,1365.972,,,,,,,,,,,,,,,,,,,,,,
20220206,PY12400,odr-10,Adult,NGM,20220206_daf-2_OH16029_PHX3508_odr-10-t2A-mNG_control_adult_NGM - 7.Project Maximum Z_XY1644183604_Z0_T0_merged.tif:2,54.601,4294.669,3085,1631,18691,234492.92,3495,5235201,2,,1281.883,,,3012.786,,,,,,,,,,,,,,,,,,,,,,
20220206,PY12400,odr-10,Adult,NGM,20220206_daf-2_OH16029_PHX3508_odr-10-t2A-mNG_control_adult_NGM - 7.Project Maximum Z_XY1644183604_Z0_T0_merged.tif:2,41.119,3524.58,2709,1703,17595,144926.021,2788,3235564,2,,1281.883,,,2242.697,,,,,,,,,,,,,,,,,,,,,,
20220206,PY12400,odr-10,Adult,1mM NAA,20220206_daf-2_OH16029_PHX3508_odr-10-t2A-mNG_control_adult_NAA.Project Maximum Z_XY1644183734_Z0_T0_merged.tif:2,56.393,3054.01,2538,1629,11155,172223.577,2705,3844999,2,,1278.489,,,1775.521,,,,,,,,,,,,,,,,,,,,,,
20220206,PY12400,odr-10,Adult,1mM NAA,20220206_daf-2_OH16029_PHX3508_odr-10-t2A-mNG_control_adult_NAA.Project Maximum Z_XY1644183734_Z0_T0_merged.tif:2,56.303,2877.138,2571,1574,12584,161991.568,2527,3616563,2,,1278.489,,,1598.649,,,,,,,,,,,,,,,,,,,,,,
20220206,PY12400,odr-10,Adult,1mM NAA,20220206_daf-2_OH16029_PHX3508_odr-10-t2A-mNG_control_adult_NAA - 1.Project Maximum Z_XY1644183804_Z0_T0_merged.tif:2,54.019,3347.698,2952,1509,10766,180838.118,3095,4037324,2,,1271.511,,,2076.187,,,,,,,,,,,,,,,,,,,,,,
20220206,PY12400,odr-10,Adult,1mM NAA,20220206_daf-2_OH16029_PHX3508_odr-10-t2A-mNG_control_adult_NAA - 1.Project Maximum Z_XY1644183804_Z0_T0_merged.tif:2,63.783,3201.021,2513,1519,15589,204171.395,2624,4558254,2,,1271.511,,,1929.51,,,,,,,,,,,,,,,,,,,,,,
20220206,PY12400,odr-10,Adult,1mM NAA,20220206_daf-2_OH16029_PHX3508_odr-10-t2A-mNG_control_adult_NAA - 2.Project Maximum Z_XY1644183873_Z0_T0_merged.tif:2,97.735,3844.764,1981,1652,37551,375768.831,2916,8389274,2,,1307.736,,,2537.028,,,,,,,,,,,,,,,,,,,,,,
20220206,PY12400,odr-10,Adult,1mM NAA,20220206_daf-2_OH16029_PHX3508_odr-10-t2A-mNG_control_adult_NAA - 3.Project Maximum Z_XY1644183973_Z0_T0_merged.tif:2,52.182,4458.276,3284,1710,19801,232642.625,3709,5193892,2,,1306.398,,,3151.878,,,,,,,,,,,,,,,,,,,,,,
20220206,PY12400,odr-10,Adult,1mM NAA,20220206_daf-2_OH16029_PHX3508_odr-10-t2A-mNG_control_adult_NAA - 4.Project Maximum Z_XY1644184149_Z0_T0_merged.tif:2,64.186,6966.227,4516,1627,38216,447136.553,5348,9982603,2,,1230.38,,,5735.847,,,,,,,,,,,,,,,,,,,,,,
20220206,PY12400,odr-10,Adult,1mM NAA,20220206_daf-2_OH16029_PHX3508_odr-10-t2A-mNG_control_adult_NAA - 5.Project Maximum Z_XY1644184216_Z0_T0_merged.tif:2,54.332,3266.848,2605,1487,17454,177495.009,2750,3962687,2,,1249.146,,,2017.702,,,,,,,,,,,,,,,,,,,,,,
20220206,PY12400,odr-10,Adult,1mM NAA,20220206_daf-2_OH16029_PHX3508_odr-10-t2A-mNG_control_adult_NAA - 5.Project Maximum Z_XY1644184216_Z0_T0_merged.tif:2,53.571,3528.29,2891,1521,20453,189013.074,2872,4219835,2,,1249.146,,,2279.144,,,,,,,,,,,,,,,,,,,,,,
20220206,PY12400,odr-10,Adult,1mM NAA,20220206_daf-2_OH16029_PHX3508_odr-10-t2A-mNG_control_adult_NAA - 6.Project Maximum Z_XY1644184311_Z0_T0_merged.tif:2,47.21,6144.818,4107,1688,31727,290098.844,4509,6476638,2,,1278.172,,,4866.646,,,,,,,,,,,,,,,,,,,,,,
20220206,PY12400,odr-10,Adult,1mM NAA,20220206_daf-2_OH16029_PHX3508_odr-10-t2A-mNG_control_adult_NAA - 6.Project Maximum Z_XY1644184311_Z0_T0_merged.tif:2,47.21,3339.794,2349,1535,16140,157672.764,2856,3520143,2,,1278.172,,,2061.622,,,,,,,,,,,,,,,,,,,,,,
20220206,PY12400,odr-10,Adult,1mM NAA,20220206_daf-2_OH16029_PHX3508_odr-10-t2A-mNG_control_adult_NAA - 7.Project Maximum Z_XY1644184405_Z0_T0_merged.tif:2,42.642,3061.775,2253,1617,8961,130558.943,2627,2914810,2,,1275.091,,,1786.684,,,,,,,,,,,,,,,,,,,,,,
20220206,PY12400,odr-10,Adult,1mM NAA,20220206_daf-2_OH16029_PHX3508_odr-10-t2A-mNG_control_adult_NAA - 7.Project Maximum Z_XY1644184405_Z0_T0_merged.tif:2,57.602,3955.639,2815,1535,18941,227852.613,3124,5086952,2,,1275.091,,,2680.548,,,,,,,,,,,,,,,,,,,,,,
20220208,PY12400,odr-10,Adult,NGM,20220208_daf-2_OH16029_PHX3508_odr-10-t2A-mNG_control_adult_NGM.Project Maximum Z_XY1644361705_Z0_T0_merged.tif:2,30.637,3106.02,2582,1811,13477,95160.516,2686,2124518,2,,1314.763,,,1791.257,,,,,,,,,,,,,,,,,,,,,,
20220208,PY12400,odr-10,Adult,NGM,20220208_daf-2_OH16029_PHX3508_odr-10-t2A-mNG_control_adult_NGM.Project Maximum Z_XY1644361705_Z0_T0_merged.tif:2,45.508,3698.553,2907,1951,11612,168314.661,3182,3757730,2,,1314.763,,,2383.79,,,,,,,,,,,,,,,,,,,,,,
20220208,PY12400,odr-10,Adult,NGM,20220208_daf-2_OH16029_PHX3508_odr-10-t2A-mNG_control_adult_NGM - 1.Project Maximum Z_XY1644361797_Z0_T0_merged.tif:2,42.731,4368.932,3206,1817,16771,186689.555,3855,4167961,2,,1353.597,,,3015.335,,,,,,,,,,,,,,,,,,,,,,
20220208,PY12400,odr-10,Adult,NGM,20220208_daf-2_OH16029_PHX3508_odr-10-t2A-mNG_control_adult_NGM - 1.Project Maximum Z_XY1644361797_Z0_T0_merged.tif:2,33.011,3903.955,2999,1922,14998,128875.003,3384,2877215,2,,1353.597,,,2550.358,,,,,,,,,,,,,,,,,,,,,,
20220208,PY12400,odr-10,Adult,NGM,20220208_daf-2_OH16029_PHX3508_odr-10-t2A-mNG_control_adult_NGM - 2.Project Maximum Z_XY1644361888_Z0_T0_merged.tif:2,35.117,2991.048,2327,1870,11789,105035.447,2636,2344982,2,,1289.327,,,1701.721,,,,,,,,,,,,,,,,,,,,,,
20220208,PY12400,odr-10,Adult,NGM,20220208_daf-2_OH16029_PHX3508_odr-10-t2A-mNG_control_adult_NGM - 2.Project Maximum Z_XY1644361888_Z0_T0_merged.tif:2,55.586,3634.414,2983,1732,17029,202023.818,3262,4510308,2,,1289.327,,,2345.087,,,,,,,,,,,,,,,,,,,,,,
20220208,PY12400,odr-10,Adult,NGM,20220208_daf-2_OH16029_PHX3508_odr-10-t2A-mNG_control_adult_NGM - 3.Project Maximum Z_XY1644361965_Z0_T0_merged.tif:2,57.02,3606.135,3141,1723,17057,205620.671,3106,4590610,2,,1280.141,,,2325.994,,,,,,,,,,,,,,,,,,,,,,
20220208,PY12400,odr-10,Adult,NGM,20220208_daf-2_OH16029_PHX3508_odr-10-t2A-mNG_control_adult_NGM - 3.Project Maximum Z_XY1644361965_Z0_T0_merged.tif:2,44.254,4181.505,3303,1729,26016,185048.66,3414,4131327,2,,1280.141,,,2901.364,,,,,,,,,,,,,,,,,,,,,,
20220208,PY12400,odr-10,Adult,NGM,20220208_daf-2_OH16029_PHX3508_odr-10-t2A-mNG_control_adult_NGM - 4.Project Maximum Z_XY1644362026_Z0_T0_merged.tif:2,58.901,3903.177,2508,1775,24139,229900.753,3095,5132678,2,,1303.281,,,2599.896,,,,,,,,,,,,,,,,,,,,,,
20220208,PY12400,odr-10,Adult,NGM,20220208_daf-2_OH16029_PHX3508_odr-10-t2A-mNG_control_adult_NGM - 4.Project Maximum Z_XY1644362026_Z0_T0_merged.tif:2,57.244,4057.68,3181,1782,21797,232276.364,3364,5185715,2,,1303.281,,,2754.399,,,,,,,,,,,,,,,,,,,,,,
20220208,PY12400,odr-10,Adult,NGM,20220208_daf-2_OH16029_PHX3508_odr-10-t2A-mNG_control_adult_NGM - 5.Project Maximum Z_XY1644362114_Z0_T0_merged.tif:2,42.149,4591.981,3809,1868,20295,193546.832,3742,4321054,2,,1301.364,,,3290.617,,,,,,,,,,,,,,,,,,,,,,
20220208,PY12400,odr-10,Adult,NGM,20220208_daf-2_OH16029_PHX3508_odr-10-t2A-mNG_control_adult_NGM - 5.Project Maximum Z_XY1644362114_Z0_T0_merged.tif:2,41.835,4599.178,3714,1932,21016,192408.141,3979,4295632,2,,1301.364,,,3297.814,,,,,,,,,,,,,,,,,,,,,,
20220208,PY12400,odr-10,Adult,1mM NAA,20220208_daf-2_OH16029_PHX3508_odr-10-t2A-mNG_control_adult_NAA.Project Maximum Z_XY1644362247_Z0_T0_merged.tif:2,45.15,2915.99,2422,1558,12795,131656.695,2584,2939318,2,,1282.335,,,1633.655,,,,,,,,,,,,,,,,,,,,,,
20220208,PY12400,odr-10,Adult,1mM NAA,20220208_daf-2_OH16029_PHX3508_odr-10-t2A-mNG_control_adult_NAA.Project Maximum Z_XY1644362247_Z0_T0_merged.tif:2,37.177,2999.617,2585,1728,10487,111516.788,2729,2489682,2,,1282.335,,,1717.282,,,,,,,,,,,,,,,,,,,,,,
20220208,PY12400,odr-10,Adult,1mM NAA,20220208_daf-2_OH16029_PHX3508_odr-10-t2A-mNG_control_adult_NAA.Project Maximum Z_XY1644362247_Z0_T0_merged.tif:2,46.986,2883.264,2259,1709,7595,135474.102,2665,3024544,2,,1282.335,,,1600.929,,,,,,,,,,,,,,,,,,,,,,
20220208,PY12400,odr-10,Adult,1mM NAA,20220208_daf-2_OH16029_PHX3508_odr-10-t2A-mNG_control_adult_NAA.Project Maximum Z_XY1644362247_Z0_T0_merged.tif:2,46.001,2875.782,2424,1648,10317,132288.704,2493,2953428,2,,1282.335,,,1593.447,,,,,,,,,,,,,,,,,,,,,,
20220208,PY12400,odr-10,Adult,1mM NAA,20220208_daf-2_OH16029_PHX3508_odr-10-t2A-mNG_control_adult_NAA - 1.Project Maximum Z_XY1644362323_Z0_T0_merged.tif:2,42.373,3353.27,2981,1671,14648,142087.534,2854,3172193,2,,1293.301,,,2059.969,,,,,,,,,,,,,,,,,,,,,,
20220208,PY12400,odr-10,Adult,1mM NAA,20220208_daf-2_OH16029_PHX3508_odr-10-t2A-mNG_control_adult_NAA - 1.Project Maximum Z_XY1644362323_Z0_T0_merged.tif:2,39.551,3280.008,1922,1661,16537,129727.477,2926,2896247,2,,1293.301,,,1986.707,,,,,,,,,,,,,,,,,,,,,,
20220208,PY12400,odr-10,Adult,1mM NAA,20220208_daf-2_OH16029_PHX3508_odr-10-t2A-mNG_control_adult_NAA - 2.Project Maximum Z_XY1644362384_Z0_T0_merged.tif:2,64.724,3615.179,3484,1635,21030,233988.209,3165,5223933,2,,1285.095,,,2330.084,,,,,,,,,,,,,,,,,,,,,,
20220208,PY12400,odr-10,Adult,1mM NAA,20220208_daf-2_OH16029_PHX3508_odr-10-t2A-mNG_control_adult_NAA - 2.Project Maximum Z_XY1644362384_Z0_T0_merged.tif:2,51.242,3717.913,2565,1783,22297,190511.71,3110,4253293,2,,1285.095,,,2432.818,,,,,,,,,,,,,,,,,,,,,,
20220208,PY12400,odr-10,Adult,1mM NAA,20220208_daf-2_OH16029_PHX3508_odr-10-t2A-mNG_control_adult_NAA - 3.Project Maximum Z_XY1644362464_Z0_T0_merged.tif:2,47.389,3002.299,2597,1606,9670,142277.405,2636,3176432,2,,1282.578,,,1719.721,,,,,,,,,,,,,,,,,,,,,,
20220208,PY12400,odr-10,Adult,1mM NAA,20220208_daf-2_OH16029_PHX3508_odr-10-t2A-mNG_control_adult_NAA - 3.Project Maximum Z_XY1644362464_Z0_T0_merged.tif:2,49.898,2983.25,2487,1609,12052,148857.647,2663,3323340,2,,1282.578,,,1700.672,,,,,,,,,,,,,,,,,,,,,,
20220208,PY12400,odr-10,Adult,1mM NAA,20220208_daf-2_OH16029_PHX3508_odr-10-t2A-mNG_control_adult_NAA - 4.Project Maximum Z_XY1644362585_Z0_T0_merged.tif:2,45.911,2892.961,2163,1576,10588,132819.798,2523,2965285,2,,1267.149,,,1625.812,,,,,,,,,,,,,,,,,,,,,,
20220208,PY12400,odr-10,Adult,1mM NAA,20220208_daf-2_OH16029_PHX3508_odr-10-t2A-mNG_control_adult_NAA - 4.Project Maximum Z_XY1644362585_Z0_T0_merged.tif:2,37.087,2550.332,2361,1654,7987,94585.258,2382,2111675,2,,1267.149,,,1283.183,,,,,,,,,,,,,,,,,,,,,,
20220208,PY12400,odr-10,Adult,1mM NAA,20220208_daf-2_OH16029_PHX3508_odr-10-t2A-mNG_control_adult_NAA - 5.Project Maximum Z_XY1644362663_Z0_T0_merged.tif:2,62.305,2783.957,1916,1519,10216,173454.674,2496,3872484,2,,1272.917,,,1511.04,,,,,,,,,,,,,,,,,,,,,,
20220208,PY12400,odr-10,Adult,1mM NAA,20220208_daf-2_OH16029_PHX3508_odr-10-t2A-mNG_control_adult_NAA - 5.Project Maximum Z_XY1644362663_Z0_T0_merged.tif:2,51.107,3138.27,1751,1569,9832,160388.164,2771,3580766,2,,1272.917,,,1865.353,,,,,,,,,,,,,,,,,,,,,,
20220208,PY12400,odr-10,Dauer,NGM,20220208_daf-2_OH16029_PHX3508_odr-10-t2A-mNG_dauer_NGM.Project Maximum Z_XY1644341600_Z0_T0_merged.tif:2,30.19,6779.098,3525,2630,13939,204657.742,6868,4569112,2,,1322.622,,,5456.476,,,,,,,,,,,,,,,,,,,,,,
20220208,PY12400,odr-10,Dauer,NGM,20220208_daf-2_OH16029_PHX3508_odr-10-t2A-mNG_dauer_NGM.Project Maximum Z_XY1644341600_Z0_T0_merged.tif:2,34.669,6389.557,6121,2086,14206,221517.516,6557,4945517,2,,1322.622,,,5066.935,,,,,,,,,,,,,,,,,,,,,,
20220208,PY12400,odr-10,Dauer,NGM,20220208_daf-2_OH16029_PHX3508_odr-10-t2A-mNG_dauer_NGM - 1.Project Maximum Z_XY1644341725_Z0_T0_merged.tif:2,35.341,7119.957,3440,1959,18948,251623.236,7304,5617646,2,,1324.326,,,5795.631,,,,,,,,,,,,,,,,,,,,,,
20220208,PY12400,odr-10,Dauer,NGM,20220208_daf-2_OH16029_PHX3508_odr-10-t2A-mNG_dauer_NGM - 1.Project Maximum Z_XY1644341725_Z0_T0_merged.tif:2,37.401,6971.218,5029,2197,12753,260730.304,7266,5820967,2,,1324.326,,,5646.892,,,,,,,,,,,,,,,,,,,,,,
20220208,PY12400,odr-10,Dauer,NGM,20220208_daf-2_OH16029_PHX3508_odr-10-t2A-mNG_dauer_NGM - 2.Project Maximum Z_XY1644341808_Z0_T0_merged.tif:2,33.101,8288.35,8609,2387,15423,274352.499,8645,6125091,2,,1299.665,,,6988.685,,,,,,,,,,,,,,,,,,,,,,
20220208,PY12400,odr-10,Dauer,NGM,20220208_daf-2_OH16029_PHX3508_odr-10-t2A-mNG_dauer_NGM - 2.Project Maximum Z_XY1644341808_Z0_T0_merged.tif:2,33.638,6955.872,8051,2464,13584,233984.939,7233,5223860,2,,1299.665,,,5656.207,,,,,,,,,,,,,,,,,,,,,,
20220208,PY12400,odr-10,Dauer,NGM,20220208_daf-2_OH16029_PHX3508_odr-10-t2A-mNG_dauer_NGM - 3.Project Maximum Z_XY1644341870_Z0_T0_merged.tif:2,26.83,7798.584,4750,2993,16614,209237.233,7799,4671352,2,,1316.744,,,6481.84,,,,,,,,,,,,,,,,,,,,,,
20220208,PY12400,odr-10,Dauer,NGM,20220208_daf-2_OH16029_PHX3508_odr-10-t2A-mNG_dauer_NGM - 3.Project Maximum Z_XY1644341870_Z0_T0_merged.tif:2,33.056,7366.86,3356,2168,14622,243520.305,7719,5436743,2,,1316.744,,,6050.116,,,,,,,,,,,,,,,,,,,,,,
20220208,PY12400,odr-10,Dauer,NGM,20220208_daf-2_OH16029_PHX3508_odr-10-t2A-mNG_dauer_NGM - 4.Project Maximum Z_XY1644341934_Z0_T0_merged.tif:2,38.566,5851.038,6346,2216,10403,225648.509,6086,5037744,2,,1326.462,,,4524.576,,,,,,,,,,,,,,,,,,,,,,
20220208,PY12400,odr-10,Dauer,NGM,20220208_daf-2_OH16029_PHX3508_odr-10-t2A-mNG_dauer_NGM - 4.Project Maximum Z_XY1644341934_Z0_T0_merged.tif:2,35.341,5723.099,5234,2203,12554,202257.496,5482,4515525,2,,1326.462,,,4396.637,,,,,,,,,,,,,,,,,,,,,,
20220208,PY12400,odr-10,Dauer,NGM,20220208_daf-2_OH16029_PHX3508_odr-10-t2A-mNG_dauer_NGM - 5.Project Maximum Z_XY1644341993_Z0_T0_merged.tif:2,27.233,10858.539,7678,2496,28885,295713.647,10773,6601992,2,,1314.486,,,9544.053,,,,,,,,,,,,,,,,,,,,,,
20220208,PY12400,odr-10,Dauer,NGM,20220208_daf-2_OH16029_PHX3508_odr-10-t2A-mNG_dauer_NGM - 5.Project Maximum Z_XY1644341993_Z0_T0_merged.tif:2,35.609,9662.912,2504,2130,27814,344089.583,9314,7682015,2,,1314.486,,,8348.426,,,,,,,,,,,,,,,,,,,,,,
20220208,PY12400,odr-10,Dauer,NGM,20220208_daf-2_OH16029_PHX3508_odr-10-t2A-mNG_dauer_NGM - 6.Project Maximum Z_XY1644342068_Z0_T0_merged.tif:2,30.369,6014.572,5678,2422,19644,182654.685,5716,4077880,2,,1308.187,,,4706.385,,,,,,,,,,,,,,,,,,,,,,
20220208,PY12400,odr-10,Dauer,NGM,20220208_daf-2_OH16029_PHX3508_odr-10-t2A-mNG_dauer_NGM - 6.Project Maximum Z_XY1644342068_Z0_T0_merged.tif:2,34.086,5669.168,5570,1967,16417,193241.488,5622,4314237,2,,1308.187,,,4360.981,,,,,,,,,,,,,,,,,,,,,,
20220208,PY12400,odr-10,Dauer,NGM,20220208_daf-2_OH16029_PHX3508_odr-10-t2A-mNG_dauer_NGM - 7.Project Maximum Z_XY1644342149_Z0_T0_merged.tif:2,35.968,6697.379,8350,2041,13142,240888.889,7260,5377995,2,,1311.624,,,5385.755,,,,,,,,,,,,,,,,,,,,,,
20220208,PY12400,odr-10,Dauer,NGM,20220208_daf-2_OH16029_PHX3508_odr-10-t2A-mNG_dauer_NGM - 7.Project Maximum Z_XY1644342149_Z0_T0_merged.tif:2,37.311,5971.058,2444,1830,12815,222788.433,6237,4973891,2,,1311.624,,,4659.434,,,,,,,,,,,,,,,,,,,,,,
20220208,PY12400,odr-10,Dauer,NGM,20220208_daf-2_OH16029_PHX3508_odr-10-t2A-mNG_dauer_NGM - 8.Project Maximum Z_XY1644342240_Z0_T0_merged.tif:2,32.429,6632.548,3669,2006,15760,215087.596,6633,4801965,2,,1298.103,,,5334.445,,,,,,,,,,,,,,,,,,,,,,
20220208,PY12400,odr-10,Dauer,NGM,20220208_daf-2_OH16029_PHX3508_odr-10-t2A-mNG_dauer_NGM - 8.Project Maximum Z_XY1644342240_Z0_T0_merged.tif:2,32.34,6036.626,6059,2573,13048,195221.59,6029,4358444,2,,1298.103,,,4738.523,,,,,,,,,,,,,,,,,,,,,,
20220208,PY12400,odr-10,Dauer,1mM NAA,20220208_daf-2_OH16029_PHX3508_odr-10-t2A-mNG_dauer_NAA.Project Maximum Z_XY1644345958_Z0_T0_merged.tif:2,39.237,5052.345,3445,1717,20404,198240.99,4601,4425854,2,,1290.445,,,3761.9,,,,,,,,,,,,,,,,,,,,,,
20220208,PY12400,odr-10,Dauer,1mM NAA,20220208_daf-2_OH16029_PHX3508_odr-10-t2A-mNG_dauer_NAA.Project Maximum Z_XY1644345958_Z0_T0_merged.tif:2,22.217,3132.651,2699,2071,8730,69596.932,2942,1553795,2,,1290.445,,,1842.206,,,,,,,,,,,,,,,,,,,,,,
20220208,PY12400,odr-10,Dauer,1mM NAA,20220208_daf-2_OH16029_PHX3508_odr-10-t2A-mNG_dauer_NAA - 1.Project Maximum Z_XY1644346103_Z0_T0_merged.tif:2,26.293,10058.218,4667,2591,32062,264457.277,10313,5904174,2,,1358.254,,,8699.964,,,,,,,,,,,,,,,,,,,,,,
20220208,PY12400,odr-10,Dauer,1mM NAA,20220208_daf-2_OH16029_PHX3508_odr-10-t2A-mNG_dauer_NAA - 1.Project Maximum Z_XY1644346103_Z0_T0_merged.tif:2,31.847,6138.114,6619,2065,12486,195479.365,6494,4364199,2,,1358.254,,,4779.86,,,,,,,,,,,,,,,,,,,,,,
20220208,PY12400,odr-10,Dauer,1mM NAA,20220208_daf-2_OH16029_PHX3508_odr-10-t2A-mNG_dauer_NAA - 2.Project Maximum Z_XY1644346164_Z0_T0_merged.tif:2,26.651,6320.706,6524,2683,9701,168453.067,6557,3760820,2,,1291.708,,,5028.998,,,,,,,,,,,,,,,,,,,,,,
20220208,PY12400,odr-10,Dauer,1mM NAA,20220208_daf-2_OH16029_PHX3508_odr-10-t2A-mNG_dauer_NAA - 2.Project Maximum Z_XY1644346164_Z0_T0_merged.tif:2,24.77,5508.586,2812,2201,9320,136446.259,5688,3046248,2,,1291.708,,,4216.878,,,,,,,,,,,,,,,,,,,,,,
20220208,PY12400,odr-10,Dauer,1mM NAA,20220208_daf-2_OH16029_PHX3508_odr-10-t2A-mNG_dauer_NAA - 3.Project Maximum Z_XY1644346221_Z0_T0_merged.tif:2,35.744,5982.689,4880,1745,18856,213843.33,5951,4774186,2,,1320.182,,,4662.507,,,,,,,,,,,,,,,,,,,,,,
20220208,PY12400,odr-10,Dauer,1mM NAA,20220208_daf-2_OH16029_PHX3508_odr-10-t2A-mNG_dauer_NAA - 3.Project Maximum Z_XY1644346221_Z0_T0_merged.tif:2,30.861,5006.594,4728,1810,14541,154510.478,4703,3449543,2,,1320.182,,,3686.412,,,,,,,,,,,,,,,,,,,,,,
20220208,PY12400,odr-10,Dauer,1mM NAA,20220208_daf-2_OH16029_PHX3508_odr-10-t2A-mNG_dauer_NAA - 4.Project Maximum Z_XY1644346327_Z0_T0_merged.tif:2,29.607,6198.505,7280,2145,12652,183520.596,6165,4097212,2,,1332.005,,,4866.5,,,,,,,,,,,,,,,,,,,,,,
20220208,PY12400,odr-10,Dauer,1mM NAA,20220208_daf-2_OH16029_PHX3508_odr-10-t2A-mNG_dauer_NAA - 4.Project Maximum Z_XY1644346327_Z0_T0_merged.tif:2,26.293,7720.169,4878,2246,15317,202983.746,7872,4531739,2,,1332.005,,,6388.164,,,,,,,,,,,,,,,,,,,,,,
20220208,PY12400,odr-10,Dauer,1mM NAA,20220208_daf-2_OH16029_PHX3508_odr-10-t2A-mNG_dauer_NAA - 6.Project Maximum Z_XY1644346545_Z0_T0_merged.tif:2,26.293,6307.835,6864,1991,11892,165849.735,6535,3702699,2,,1334.904,,,4972.931,,,,,,,,,,,,,,,,,,,,,,
20220208,PY12400,odr-10,Dauer,1mM NAA,20220208_daf-2_OH16029_PHX3508_odr-10-t2A-mNG_dauer_NAA - 6.Project Maximum Z_XY1644346545_Z0_T0_merged.tif:2,33.638,6197.144,3967,2003,16194,208462.473,6432,4654055,2,,1334.904,,,4862.24,,,,,,,,,,,,,,,,,,,,,,
20220208,PY12400,odr-10,Dauer,1mM NAA,20220208_daf-2_OH16029_PHX3508_odr-10-t2A-mNG_dauer_NAA - 7.Project Maximum Z_XY1644346619_Z0_T0_merged.tif:2,35.43,7120.297,4271,2102,21521,252273.117,6906,5632155,2,,1299.647,,,5820.65,,,,,,,,,,,,,,,,,,,,,,
20220208,PY12400,odr-10,Dauer,1mM NAA,20220208_daf-2_OH16029_PHX3508_odr-10-t2A-mNG_dauer_NAA - 7.Project Maximum Z_XY1644346619_Z0_T0_merged.tif:2,32.384,6416.183,6382,2765,15317,207783.657,6181,4638900,2,,1299.647,,,5116.536,,,,,,,,,,,,,,,,,,,,,,
20220208,PY12400,odr-10,Dauer,1mM NAA,20220208_daf-2_OH16029_PHX3508_odr-10-t2A-mNG_dauer_NAA - 8.Project Maximum Z_XY1644346691_Z0_T0_merged.tif:2,27.636,5460.256,5791,1879,18201,150901.845,5111,3368978,2,,1292.159,,,4168.097,,,,,,,,,,,,,,,,,,,,,,
20220208,PY12400,odr-10,Dauer,1mM NAA,20220208_daf-2_OH16029_PHX3508_odr-10-t2A-mNG_dauer_NAA - 8.Project Maximum Z_XY1644346691_Z0_T0_merged.tif:2,27.86,6230.026,5393,2250,21712,173570.773,5657,3875076,2,,1292.159,,,4937.867,,,,,,,,,,,,,,,,,,,,,,
20220209,PY12400,odr-10,Dauer,NGM,20220209_daf-2_OH16029_PHX3508_odr-10-t2A-mNG_dauer_NGM.Project Maximum Z_XY1644443580_Z0_T0_merged.tif:2,23.202,6048.936,5660,1860,14593,140347.65,6063,3133349,2,,1310.719,,,4738.217,,,,,,,,,,,,,,,,,,,,,,
20220209,PY12400,odr-10,Dauer,NGM,20220209_daf-2_OH16029_PHX3508_odr-10-t2A-mNG_dauer_NGM.Project Maximum Z_XY1644443580_Z0_T0_merged.tif:2,24.904,5886.534,6646,1890,11634,146598.942,6263,3272913,2,,1310.719,,,4575.815,,,,,,,,,,,,,,,,,,,,,,
20220209,PY12400,odr-10,Dauer,NGM,20220209_daf-2_OH16029_PHX3508_odr-10-t2A-mNG_dauer_NGM - 1.Project Maximum Z_XY1644443650_Z0_T0_merged.tif:2,29.115,7678.045,9745,2179,20323,223542.633,7610,4990729,2,,1342.741,,,6335.304,,,,,,,,,,,,,,,,,,,,,,
20220209,PY12400,odr-10,Dauer,NGM,20220209_daf-2_OH16029_PHX3508_odr-10-t2A-mNG_dauer_NGM - 1.Project Maximum Z_XY1644443650_Z0_T0_merged.tif:2,33.011,7314.053,8637,2745,16320,241447.082,7494,5390457,2,,1342.741,,,5971.312,,,,,,,,,,,,,,,,,,,,,,
20220209,PY12400,odr-10,Dauer,NGM,20220209_daf-2_OH16029_PHX3508_odr-10-t2A-mNG_dauer_NGM - 2.Project Maximum Z_XY1644443847_Z0_T0_merged.tif:2,24.322,10523.759,5385,3008,25557,255957.045,10378,5714401,2,,1304.528,,,9219.231,,,,,,,,,,,,,,,,,,,,,,
20220209,PY12400,odr-10,Dauer,NGM,20220209_daf-2_OH16029_PHX3508_odr-10-t2A-mNG_dauer_NGM - 2.Project Maximum Z_XY1644443847_Z0_T0_merged.tif:2,27.457,8963.465,3558,2425,15432,246111.99,9661,5494604,2,,1304.528,,,7658.937,,,,,,,,,,,,,,,,,,,,,,
20220209,PY12400,odr-10,Dauer,NGM,20220209_daf-2_OH16029_PHX3508_odr-10-t2A-mNG_dauer_NGM - 3.Project Maximum Z_XY1644443948_Z0_T0_merged.tif:2,28.801,9567.431,5690,2684,24320,275551.435,9959,6151858,2,,1329.373,,,8238.058,,,,,,,,,,,,,,,,,,,,,,
20220209,PY12400,odr-10,Dauer,NGM,20220209_daf-2_OH16029_PHX3508_odr-10-t2A-mNG_dauer_NGM - 3.Project Maximum Z_XY1644443948_Z0_T0_merged.tif:2,27.95,9164.806,11365,2285,23948,256155.83,9273,5718839,2,,1329.373,,,7835.433,,,,,,,,,,,,,,,,,,,,,,
20220209,PY12400,odr-10,Dauer,NGM,20220209_daf-2_OH16029_PHX3508_odr-10-t2A-mNG_dauer_NGM - 4.Project Maximum Z_XY1644444019_Z0_T0_merged.tif:2,25.083,6467.534,3110,1962,12484,162226.993,6760,3621819,2,,1320.776,,,5146.758,,,,,,,,,,,,,,,,,,,,,,
20220209,PY12400,odr-10,Dauer,NGM,20220209_daf-2_OH16029_PHX3508_odr-10-t2A-mNG_dauer_NGM - 4.Project Maximum Z_XY1644444019_Z0_T0_merged.tif:2,29.697,6797.928,3316,2020,14035,201876.812,7132,4507026,2,,1320.776,,,5477.152,,,,,,,,,,,,,,,,,,,,,,
20220209,PY12400,odr-10,Dauer,NGM,20220209_daf-2_OH16029_PHX3508_odr-10-t2A-mNG_dauer_NGM - 5.Project Maximum Z_XY1644444066_Z0_T0_merged.tif:2,21.993,9569.792,3944,2540,27641,210465.239,9103,4698768,2,,1277.218,,,8292.574,,,,,,,,,,,,,,,,,,,,,,
20220209,PY12400,odr-10,Dauer,NGM,20220209_daf-2_OH16029_PHX3508_odr-10-t2A-mNG_dauer_NGM - 5.Project Maximum Z_XY1644444066_Z0_T0_merged.tif:2,25.845,8217.666,5498,1941,18170,212383.438,8412,4741593,2,,1277.218,,,6940.448,,,,,,,,,,,,,,,,,,,,,,
20220209,PY12400,odr-10,Dauer,NGM,20220209_daf-2_OH16029_PHX3508_odr-10-t2A-mNG_dauer_NGM - 6.Project Maximum Z_XY1644444129_Z0_T0_merged.tif:2,27.054,8603.843,5132,2311,16602,232769.34,8991,5196721,2,,1312.456,,,7291.387,,,,,,,,,,,,,,,,,,,,,,
20220209,PY12400,odr-10,Dauer,NGM,20220209_daf-2_OH16029_PHX3508_odr-10-t2A-mNG_dauer_NGM - 6.Project Maximum Z_XY1644444129_Z0_T0_merged.tif:2,25.486,9800.559,8461,2729,20514,249781.048,10125,5576518,2,,1312.456,,,8488.103,,,,,,,,,,,,,,,,,,,,,,
20220209,PY12400,odr-10,Dauer,1mM NAA,20220209_daf-2_OH16029_PHX3508_odr-10-t2A-mNG_dauer_NAA.Project Maximum Z_XY1644445738_Z0_T0_merged.tif:2,25.397,6481.938,6954,2108,13050,164620.655,6667,3675259,2,,1304.91,,,5177.028,,,,,,,,,,,,,,,,,,,,,,
20220209,PY12400,odr-10,Dauer,1mM NAA,20220209_daf-2_OH16029_PHX3508_odr-10-t2A-mNG_dauer_NAA.Project Maximum Z_XY1644445738_Z0_T0_merged.tif:2,24.501,6237.888,6441,2701,10733,152834.467,6266,3412125,2,,1304.91,,,4932.978,,,,,,,,,,,,,,,,,,,,,,
20220209,PY12400,odr-10,Dauer,1mM NAA,20220209_daf-2_OH16029_PHX3508_odr-10-t2A-mNG_dauer_NAA - 1.Project Maximum Z_XY1644445830_Z0_T0_merged.tif:2,28.532,7295.909,5115,2132,14112,208168.596,7260,4647494,2,,1337.215,,,5958.694,,,,,,,,,,,,,,,,,,,,,,
20220209,PY12400,odr-10,Dauer,1mM NAA,20220209_daf-2_OH16029_PHX3508_odr-10-t2A-mNG_dauer_NAA - 1.Project Maximum Z_XY1644445830_Z0_T0_merged.tif:2,29.562,6801.895,7715,1851,15304,201080.642,6761,4489251,2,,1337.215,,,5464.68,,,,,,,,,,,,,,,,,,,,,,
20220209,PY12400,odr-10,Dauer,1mM NAA,20220209_daf-2_OH16029_PHX3508_odr-10-t2A-mNG_dauer_NAA - 2.Project Maximum Z_XY1644445973_Z0_T0_merged.tif:2,29.428,5551.219,6114,2216,13685,163361.653,5679,3647151,2,,1306.485,,,4244.734,,,,,,,,,,,,,,,,,,,,,,
20220209,PY12400,odr-10,Dauer,1mM NAA,20220209_daf-2_OH16029_PHX3508_odr-10-t2A-mNG_dauer_NAA - 2.Project Maximum Z_XY1644445973_Z0_T0_merged.tif:2,27.412,4972.657,4950,2116,9552,136312.69,5083,3043266,2,,1306.485,,,3666.172,,,,,,,,,,,,,,,,,,,,,,
20220209,PY12400,odr-10,Dauer,1mM NAA,20220209_daf-2_OH16029_PHX3508_odr-10-t2A-mNG_dauer_NAA - 3.Project Maximum Z_XY1644446069_Z0_T0_merged.tif:2,25.038,4854.175,5495,1947,8175,121541.233,5101,2713484,2,,1310.642,,,3543.533,,,,,,,,,,,,,,,,,,,,,,
20220209,PY12400,odr-10,Dauer,1mM NAA,20220209_daf-2_OH16029_PHX3508_odr-10-t2A-mNG_dauer_NAA - 3.Project Maximum Z_XY1644446069_Z0_T0_merged.tif:2,21.5,5811.056,3382,2260,9572,124937.465,6099,2789307,2,,1310.642,,,4500.414,,,,,,,,,,,,,,,,,,,,,,
20220209,PY12400,odr-10,Dauer,1mM NAA,20220209_daf-2_OH16029_PHX3508_odr-10-t2A-mNG_dauer_NAA - 4.Project Maximum Z_XY1644446162_Z0_T0_merged.tif:2,27.771,4794.279,2447,1779,12079,133140.864,4657,2972453,2,,1303.975,,,3490.304,,,,,,,,,,,,,,,,,,,,,,
20220209,PY12400,odr-10,Dauer,1mM NAA,20220209_daf-2_OH16029_PHX3508_odr-10-t2A-mNG_dauer_NAA - 4.Project Maximum Z_XY1644446162_Z0_T0_merged.tif:2,33.862,3452.04,2598,1633,13297,116894.465,3127,2609742,2,,1303.975,,,2148.065,,,,,,,,,,,,,,,,,,,,,,
20220209,PY12400,odr-10,Dauer,1mM NAA,20220209_daf-2_OH16029_PHX3508_odr-10-t2A-mNG_dauer_NAA - 5.Project Maximum Z_XY1644446246_Z0_T0_merged.tif:2,26.203,7662.913,5115,2386,20708,200791.87,7588,4482804,2,,1377.664,,,6285.249,,,,,,,,,,,,,,,,,,,,,,
20220209,PY12400,odr-10,Dauer,1mM NAA,20220209_daf-2_OH16029_PHX3508_odr-10-t2A-mNG_dauer_NAA - 5.Project Maximum Z_XY1644446246_Z0_T0_merged.tif:2,22.485,9383.556,9921,2754,15384,210992.749,9710,4710545,2,,1377.664,,,8005.892,,,,,,,,,,,,,,,,,,,,,,
20220209,PY12400,odr-10,Dauer,1mM NAA,20220209_daf-2_OH16029_PHX3508_odr-10-t2A-mNG_dauer_NAA - 6.Project Maximum Z_XY1644446341_Z0_T0_merged.tif:2,23.112,7045.891,5652,2618,15740,162847.849,7005,3635680,2,,1390.795,,,5655.096,,,,,,,,,,,,,,,,,,,,,,
20220209,PY12400,odr-10,Dauer,1mM NAA,20220209_daf-2_OH16029_PHX3508_odr-10-t2A-mNG_dauer_NAA - 6.Project Maximum Z_XY1644446341_Z0_T0_merged.tif:2,25.352,5508.837,6284,2293,10378,139660.233,5534,3118002,2,,1390.795,,,4118.042,,,,,,,,,,,,,,,,,,,,,,
20220213,PY12400,odr-10,Post-dauer,NGM,20220213_daf-2_OH16029_PHX3508_odr-10-t2A-mNG_PD_adult_NGM_recovery.Project Maximum Z_XY1644790563_Z0_T0_merged.tif:2,49.943,5168.233,3102,2451,29248,258115.058,4119,5762580,2,0,1313.06,,,3855.173,,,,,,,,,,,,,,,,,,,,,,
20220213,PY12400,odr-10,Post-dauer,NGM,20220213_daf-2_OH16029_PHX3508_odr-10-t2A-mNG_PD_adult_NGM_recovery - 1.Project Maximum Z_XY1644790659_Z0_T0_merged.tif:2,54.377,3531.244,3200,1530,13082,192018.365,3053,4286930,2,0,1251.54,,,2279.704,,,,,,,,,,,,,,,,,,,,,,
20220213,PY12400,odr-10,Post-dauer,NGM,20220213_daf-2_OH16029_PHX3508_odr-10-t2A-mNG_PD_adult_NGM_recovery - 1.Project Maximum Z_XY1644790659_Z0_T0_merged.tif:2,61.902,3834.489,2885,1602,25225,237362.403,3215,5299264,2,0,1251.54,,,2582.949,,,,,,,,,,,,,,,,,,,,,,
20220213,PY12400,odr-10,Post-dauer,NGM,20220213_daf-2_OH16029_PHX3508_odr-10-t2A-mNG_PD_adult_NGM_recovery - 2.Project Maximum Z_XY1644790722_Z0_T0_merged.tif:2,51.734,3853.604,2469,1831,14975,199363.422,3179,4450913,2,0,1302.584,,,2551.02,,,,,,,,,,,,,,,,,,,,,,
20220213,PY12400,odr-10,Post-dauer,NGM,20220213_daf-2_OH16029_PHX3508_odr-10-t2A-mNG_PD_adult_NGM_recovery - 2.Project Maximum Z_XY1644790722_Z0_T0_merged.tif:2,49.092,2754.12,2175,1692,9944,135204.098,2459,3018516,2,0,1302.584,,,1451.536,,,,,,,,,,,,,,,,,,,,,,
20220213,PY12400,odr-10,Post-dauer,NGM,20220213_daf-2_OH16029_PHX3508_odr-10-t2A-mNG_PD_adult_NGM_recovery - 3.Project Maximum Z_XY1644790808_Z0_T0_merged.tif:2,69.517,3898.124,1983,1510,18663,270984.037,3423,6049888,2,0,1292.31,,,2605.814,,,,,,,,,,,,,,,,,,,,,,
20220213,PY12400,odr-10,Post-dauer,NGM,20220213_daf-2_OH16029_PHX3508_odr-10-t2A-mNG_PD_adult_NGM_recovery - 3.Project Maximum Z_XY1644790808_Z0_T0_merged.tif:2,51.331,3286.692,2151,1681,10078,168709.678,3010,3766549,2,0,1292.31,,,1994.382,,,,,,,,,,,,,,,,,,,,,,
20220213,PY12400,odr-10,Post-dauer,NGM,20220213_daf-2_OH16029_PHX3508_odr-10-t2A-mNG_PD_adult_NGM_recovery - 4.Project Maximum Z_XY1644790888_Z0_T0_merged.tif:2,54.735,4439.903,3729,1828,23544,243019.49,3729,5425562,2,0,1297.435,,,3142.468,,,,,,,,,,,,,,,,,,,,,,
20220213,PY12400,odr-10,Post-dauer,NGM,20220213_daf-2_OH16029_PHX3508_odr-10-t2A-mNG_PD_adult_NGM_recovery - 4.Project Maximum Z_XY1644790888_Z0_T0_merged.tif:2,54.511,3293.495,2615,1757,17081,179532.891,2892,4008184,2,0,1297.435,,,1996.06,,,,,,,,,,,,,,,,,,,,,,
20220213,PY12400,odr-10,Post-dauer,NGM,20220213_daf-2_OH16029_PHX3508_odr-10-t2A-mNG_PD_adult_NGM_recovery - 5.Project Maximum Z_XY1644791066_Z0_T0_merged.tif:2,71.353,4380.491,4217,1850,18860,312561.104,3492,6978122,2,0,1283.495,,,3096.996,,,,,,,,,,,,,,,,,,,,,,
20220213,PY12400,odr-10,Post-dauer,NGM,20220213_daf-2_OH16029_PHX3508_odr-10-t2A-mNG_PD_adult_NGM_recovery - 5.Project Maximum Z_XY1644791066_Z0_T0_merged.tif:2,63.022,3783.85,3122,1625,15977,238464.858,3166,5323877,2,0,1283.495,,,2500.355,,,,,,,,,,,,,,,,,,,,,,
20220213,PY12400,odr-10,Post-dauer,NGM,20220213_daf-2_OH16029_PHX3508_odr-10-t2A-mNG_PD_adult_NGM_recovery - 6.Project Maximum Z_XY1644791130_Z0_T0_merged.tif:2,58.453,3326.602,2859,1586,11622,194449.875,2855,4341215,2,0,1275.64,,,2050.962,,,,,,,,,,,,,,,,,,,,,,
20220213,PY12400,odr-10,Post-dauer,NGM,20220213_daf-2_OH16029_PHX3508_odr-10-t2A-mNG_PD_adult_NGM_recovery - 6.Project Maximum Z_XY1644791130_Z0_T0_merged.tif:2,40.133,3643.272,3016,1858,9042,146216.377,3473,3264372,2,0,1275.64,,,2367.632,,,,,,,,,,,,,,,,,,,,,,
20220213,PY12400,odr-10,Post-dauer,1mM NAA,20220213_daf-2_OH16029_PHX3508_odr-10-t2A-mNG_PD_adult_NAA_recovery.Project Maximum Z_XY1644789819_Z0_T0_merged.tif:2,65.53,3080.347,2283,1580,15497,201855.357,2596,4506547,2,0,1305.55,,,1774.797,,,,,,,,,,,,,,,,,,,,,,
20220213,PY12400,odr-10,Post-dauer,1mM NAA,20220213_daf-2_OH16029_PHX3508_odr-10-t2A-mNG_PD_adult_NAA_recovery.Project Maximum Z_XY1644789819_Z0_T0_merged.tif:2,51.689,3870.258,2697,1669,32438,200051.645,2918,4466278,2,0,1305.55,,,2564.708,,,,,,,,,,,,,,,,,,,,,,
20220213,PY12400,odr-10,Post-dauer,1mM NAA,20220213_daf-2_OH16029_PHX3508_odr-10-t2A-mNG_PD_adult_NAA_recovery - 1.Project Maximum Z_XY1644789890_Z0_T0_merged.tif:2,37.759,3831.612,2688,1695,15405,144678.996,3280,3230049,2,0,1276.946,,,2554.666,,,,,,,,,,,,,,,,,,,,,,
20220213,PY12400,odr-10,Post-dauer,1mM NAA,20220213_daf-2_OH16029_PHX3508_odr-10-t2A-mNG_PD_adult_NAA_recovery - 1.Project Maximum Z_XY1644789890_Z0_T0_merged.tif:2,44.388,4613.602,3589,1737,21431,204790.683,3868,4572080,2,0,1276.946,,,3336.656,,,,,,,,,,,,,,,,,,,,,,
20220213,PY12400,odr-10,Post-dauer,1mM NAA,20220213_daf-2_OH16029_PHX3508_odr-10-t2A-mNG_PD_adult_NAA_recovery - 2.Project Maximum Z_XY1644789961_Z0_T0_merged.tif:2,41.701,3506.937,1856,1565,11625,146242.625,3048,3264958,2,0,1259.425,,,2247.512,,,,,,,,,,,,,,,,,,,,,,
20220213,PY12400,odr-10,Post-dauer,1mM NAA,20220213_daf-2_OH16029_PHX3508_odr-10-t2A-mNG_PD_adult_NAA_recovery - 2.Project Maximum Z_XY1644789961_Z0_T0_merged.tif:2,61.006,3981.332,2013,1687,18045,242885.653,3420,5422574,2,0,1259.425,,,2721.907,,,,,,,,,,,,,,,,,,,,,,
20220213,PY12400,odr-10,Post-dauer,1mM NAA,20220213_daf-2_OH16029_PHX3508_odr-10-t2A-mNG_PD_adult_NAA_recovery - 3.Project Maximum Z_XY1644790029_Z0_T0_merged.tif:2,60.155,4293.777,3046,1771,17614,258292.567,3657,5766543,2,0,1262.539,,,3031.238,,,,,,,,,,,,,,,,,,,,,,
20220213,PY12400,odr-10,Post-dauer,1mM NAA,20220213_daf-2_OH16029_PHX3508_odr-10-t2A-mNG_PD_adult_NAA_recovery - 4.Project Maximum Z_XY1644790088_Z0_T0_merged.tif:2,63.335,3018.702,2101,1643,13422,191190.347,2607,4268444,2,0,1303.588,,,1715.114,,,,,,,,,,,,,,,,,,,,,,
20220213,PY12400,odr-10,Post-dauer,1mM NAA,20220213_daf-2_OH16029_PHX3508_odr-10-t2A-mNG_PD_adult_NAA_recovery - 4.Project Maximum Z_XY1644790088_Z0_T0_merged.tif:2,68.531,2935.014,2387,1636,11659,201139.767,2540,4490571,2,0,1303.588,,,1631.426,,,,,,,,,,,,,,,,,,,,,,
20220213,PY12400,odr-10,Post-dauer,1mM NAA,20220213_daf-2_OH16029_PHX3508_odr-10-t2A-mNG_PD_adult_NAA_recovery - 5.Project Maximum Z_XY1644790166_Z0_T0_merged.tif:2,65.082,4310.616,2973,1728,32489,280544.218,3272,6263325,2,0,1308.858,,,3001.758,,,,,,,,,,,,,,,,,,,,,,
20220213,PY12400,odr-10,Post-dauer,1mM NAA,20220213_daf-2_OH16029_PHX3508_odr-10-t2A-mNG_PD_adult_NAA_recovery - 5.Project Maximum Z_XY1644790166_Z0_T0_merged.tif:2,43.851,2863.887,2296,1736,8056,125584.166,2514,2803745,2,0,1308.858,,,1555.029,,,,,,,,,,,,,,,,,,,,,,
20220213,PY12400,odr-10,Post-dauer,1mM NAA,20220213_daf-2_OH16029_PHX3508_odr-10-t2A-mNG_PD_adult_NAA_recovery - 6.Project Maximum Z_XY1644790296_Z0_T0_merged.tif:2,73.772,3882.564,3464,1547,18240,286423.471,3342,6394583,2,0,1264.333,,,2618.231,,,,,,,,,,,,,,,,,,,,,,
20220213,PY12400,odr-10,Post-dauer,1mM NAA,20220213_daf-2_OH16029_PHX3508_odr-10-t2A-mNG_PD_adult_NAA_recovery - 6.Project Maximum Z_XY1644790296_Z0_T0_merged.tif:2,86.448,3230.053,2291,1504,18280,279230.794,2801,6234002,2,0,1264.333,,,1965.72,,,,,,,,,,,,,,,,,,,,,,
20220213,PY12400,odr-10,Post-dauer,1mM NAA,20220213_daf-2_OH16029_PHX3508_odr-10-t2A-mNG_PD_adult_NAA_recovery - 7.Project Maximum Z_XY1644790357_Z0_T0_merged.tif:2,68.8,3268.825,2422,1553,26563,224894.712,2735,5020915,2,0,1244.972,,,2023.853,,,,,,,,,,,,,,,,,,,,,,
20220213,PY12400,odr-10,Post-dauer,1mM NAA,20220213_daf-2_OH16029_PHX3508_odr-10-t2A-mNG_PD_adult_NAA_recovery - 7.Project Maximum Z_XY1644790357_Z0_T0_merged.tif:2,57.288,2888.41,2737,1562,8023,165472.456,2671,3694276,2,0,1244.972,,,1643.438,,,,,,,,,,,,,,,,,,,,,,
20220213,PY12400,odr-10,Post-dauer,1mM NAA,20220213_daf-2_OH16029_PHX3508_odr-10-t2A-mNG_PD_adult_NAA_recovery - 8.Project Maximum Z_XY1644790455_Z0_T0_merged.tif:2,74.981,3099.613,2394,1503,18509,232412.396,2764,5188752,2,0,1260.483,,,1839.13,,,,,,,,,,,,,,,,,,,,,,
20220213,PY12400,odr-10,Post-dauer,1mM NAA,20220213_daf-2_OH16029_PHX3508_odr-10-t2A-mNG_PD_adult_NAA_recovery - 8.Project Maximum Z_XY1644790455_Z0_T0_merged.tif:2,54.198,3568.114,3021,1542,15920,193383.97,3021,4317418,2,0,1260.483,,,2307.631,,,,,,,,,,,,,,,,,,,,,,
20220211,PY12400,odr-10,Post-dauer,NGM,20220211_daf-2_OH16029_PHX3508_odr-10-t2A-mNG_PD_adult_NGM_recovery.Project Maximum Z_XY1644597651_Z0_T0_merged.tif:2,34.803,3583.454,2187,1630,9917,124715.165,3149,2784344,2,0,1259.847,,,2323.607,,,,,,,,,,,,,,,,,,,,,,
20220211,PY12400,odr-10,Post-dauer,NGM,20220211_daf-2_OH16029_PHX3508_odr-10-t2A-mNG_PD_adult_NGM_recovery.Project Maximum Z_XY1644597651_Z0_T0_merged.tif:2,60.021,3524.281,2885,1674,23949,211529.89,2871,4722537,2,0,1259.847,,,2264.434,,,,,,,,,,,,,,,,,,,,,,
20220211,PY12400,odr-10,Post-dauer,NGM,20220211_daf-2_OH16029_PHX3508_odr-10-t2A-mNG_PD_adult_NGM_recovery - 1.Project Maximum Z_XY1644597730_Z0_T0_merged.tif:2,73.996,3412.547,2483,1535,16936,252513.782,2920,5637528,2,0,1256.441,,,2156.106,,,,,,,,,,,,,,,,,,,,,,
20220211,PY12400,odr-10,Post-dauer,NGM,20220211_daf-2_OH16029_PHX3508_odr-10-t2A-mNG_PD_adult_NGM_recovery - 1.Project Maximum Z_XY1644597730_Z0_T0_merged.tif:2,83.984,2813.486,2163,1427,12167,236288.435,2483,5275287,2,0,1256.441,,,1557.045,,,,,,,,,,,,,,,,,,,,,,
20220211,PY12400,odr-10,Post-dauer,NGM,20220211_daf-2_OH16029_PHX3508_odr-10-t2A-mNG_PD_adult_NGM_recovery - 2.Project Maximum Z_XY1644597844_Z0_T0_merged.tif:2,89.852,3627.469,2184,1526,30027,325934.974,3249,7276702,2,0,1252.01,,,2375.459,,,,,,,,,,,,,,,,,,,,,,
20220211,PY12400,odr-10,Post-dauer,NGM,20220211_daf-2_OH16029_PHX3508_odr-10-t2A-mNG_PD_adult_NGM_recovery - 2.Project Maximum Z_XY1644597844_Z0_T0_merged.tif:2,64.231,3232.775,2769,1590,13677,207644.803,2869,4635800,2,0,1252.01,,,1980.765,,,,,,,,,,,,,,,,,,,,,,
20220211,PY12400,odr-10,Post-dauer,NGM,20220211_daf-2_OH16029_PHX3508_odr-10-t2A-mNG_PD_adult_NGM_recovery - 3.Project Maximum Z_XY1644597978_Z0_T0_merged.tif:2,64.455,3480.461,2444,1516,19643,224333.429,3046,5008384,2,0,1251.354,,,2229.107,,,,,,,,,,,,,,,,,,,,,,
20220211,PY12400,odr-10,Post-dauer,NGM,20220211_daf-2_OH16029_PHX3508_odr-10-t2A-mNG_PD_adult_NGM_recovery - 3.Project Maximum Z_XY1644597978_Z0_T0_merged.tif:2,49.763,3224.556,2930,1495,17398,160465.026,2827,3582482,2,0,1251.354,,,1973.202,,,,,,,,,,,,,,,,,,,,,,
20220211,PY12400,odr-10,Post-dauer,NGM,20220211_daf-2_OH16029_PHX3508_odr-10-t2A-mNG_PD_adult_NGM_recovery - 4.Project Maximum Z_XY1644598072_Z0_T0_merged.tif:2,48.554,3873.356,2845,1488,18157,188067.21,3526,4198718,2,0,1233.502,,,2639.854,,,,,,,,,,,,,,,,,,,,,,
20220211,PY12400,odr-10,Post-dauer,NGM,20220211_daf-2_OH16029_PHX3508_odr-10-t2A-mNG_PD_adult_NGM_recovery - 4.Project Maximum Z_XY1644598072_Z0_T0_merged.tif:2,72.786,3811.612,2796,1456,18379,277433.174,3190,6193869,2,0,1233.502,,,2578.11,,,,,,,,,,,,,,,,,,,,,,
20220211,PY12400,odr-10,Post-dauer,NGM,20220211_daf-2_OH16029_PHX3508_odr-10-t2A-mNG_PD_adult_NGM_recovery - 5.Project Maximum Z_XY1644598126_Z0_T0_merged.tif:2,56.393,3325.736,2644,1626,19372,187546.866,2899,4187101,2,0,1240.915,,,2084.821,,,,,,,,,,,,,,,,,,,,,,
20220211,PY12400,odr-10,Post-dauer,NGM,20220211_daf-2_OH16029_PHX3508_odr-10-t2A-mNG_PD_adult_NGM_recovery - 5.Project Maximum Z_XY1644598126_Z0_T0_merged.tif:2,84.208,4132.969,3536,1552,18221,348029.764,3627,7769982,2,0,1240.915,,,2892.054,,,,,,,,,,,,,,,,,,,,,,
20220211,PY12400,odr-10,Post-dauer,NGM,20220211_daf-2_OH16029_PHX3508_odr-10-t2A-mNG_PD_adult_NGM_recovery - 6.Project Maximum Z_XY1644598193_Z0_T0_merged.tif:2,30.548,2489.097,2325,1558,3987,76036.572,2485,1697564,2,0,1281.873,,,1207.224,,,,,,,,,,,,,,,,,,,,,,
20220211,PY12400,odr-10,Post-dauer,NGM,20220211_daf-2_OH16029_PHX3508_odr-10-t2A-mNG_PD_adult_NGM_recovery - 6.Project Maximum Z_XY1644598193_Z0_T0_merged.tif:2,63.291,4619.309,2789,1854,22251,292358.4,3884,6527084,2,0,1281.873,,,3337.436,,,,,,,,,,,,,,,,,,,,,,
20220211,PY12400,odr-10,Post-dauer,NGM,20220211_daf-2_OH16029_PHX3508_odr-10-t2A-mNG_PD_adult_NGM_recovery - 7.Project Maximum Z_XY1644598298_Z0_T0_merged.tif:2,66.784,3283.471,1884,1534,13875,219284.119,2851,4895655,2,0,1250.68,,,2032.791,,,,,,,,,,,,,,,,,,,,,,
20220211,PY12400,odr-10,Post-dauer,NGM,20220211_daf-2_OH16029_PHX3508_odr-10-t2A-mNG_PD_adult_NGM_recovery - 7.Project Maximum Z_XY1644598298_Z0_T0_merged.tif:2,55.586,3151.307,1819,1495,9307,175169.654,2895,3910772,2,0,1250.68,,,1900.627,,,,,,,,,,,,,,,,,,,,,,
20220211,PY12400,odr-10,Post-dauer,NGM,20220211_daf-2_OH16029_PHX3508_odr-10-t2A-mNG_PD_adult_NGM_recovery - 8.Project Maximum Z_XY1644598355_Z0_T0_merged.tif:2,40.716,3556.232,3255,1517,10517,144793.931,3432,3232615,2,0,1258.162,,,2298.07,,,,,,,,,,,,,,,,,,,,,,
20220211,PY12400,odr-10,Post-dauer,NGM,20220211_daf-2_OH16029_PHX3508_odr-10-t2A-mNG_PD_adult_NGM_recovery - 8.Project Maximum Z_XY1644598355_Z0_T0_merged.tif:2,33.862,3791.808,3071,1563,9853,128399.854,3664,2866607,2,0,1258.162,,,2533.646,,,,,,,,,,,,,,,,,,,,,,
20220211,PY12400,odr-10,Post-dauer,NGM,20220211_daf-2_OH16029_PHX3508_odr-10-t2A-mNG_PD_adult_NGM_recovery - 9.Project Maximum Z_XY1644598459_Z0_T0_merged.tif:2,76.28,3750.378,2759,1549,15555,286079.024,3435,6386893,2,0,1234.564,,,2515.814,,,,,,,,,,,,,,,,,,,,,,
20220211,PY12400,odr-10,Post-dauer,NGM,20220211_daf-2_OH16029_PHX3508_odr-10-t2A-mNG_PD_adult_NGM_recovery - 9.Project Maximum Z_XY1644598459_Z0_T0_merged.tif:2,76.773,3001.8,2718,1509,7565,230456.527,2801,5145086,2,0,1234.564,,,1767.236,,,,,,,,,,,,,,,,,,,,,,
20220211,PY12400,odr-10,Post-dauer,1mM NAA,20220211_daf-2_OH16029_PHX3508_odr-10-t2A-mNG_PD_adult_NAA_recovery.Project Maximum Z_XY1644596908_Z0_T0_merged.tif:2,41.298,3324.755,2831,1762,11106,137305.182,3027,3065424,2,0,1292.779,,,2031.976,,,,,,,,,,,,,,,,,,,,,,
20220211,PY12400,odr-10,Post-dauer,1mM NAA,20220211_daf-2_OH16029_PHX3508_odr-10-t2A-mNG_PD_adult_NAA_recovery.Project Maximum Z_XY1644596908_Z0_T0_merged.tif:2,55.407,3344.543,2250,1642,10306,185311.721,2905,4137200,2,0,1292.779,,,2051.764,,,,,,,,,,,,,,,,,,,,,,
20220211,PY12400,odr-10,Post-dauer,1mM NAA,20220211_daf-2_OH16029_PHX3508_odr-10-t2A-mNG_PD_adult_NAA_recovery - 1.Project Maximum Z_XY1644596984_Z0_T0_merged.tif:2,48.151,3451.664,2680,1569,13850,166200.901,3059,3710539,2,0,1261.261,,,2190.403,,,,,,,,,,,,,,,,,,,,,,
20220211,PY12400,odr-10,Post-dauer,1mM NAA,20220211_daf-2_OH16029_PHX3508_odr-10-t2A-mNG_PD_adult_NAA_recovery - 1.Project Maximum Z_XY1644596984_Z0_T0_merged.tif:2,47.658,2990.328,2226,1497,11866,142513.771,2615,3181709,2,0,1261.261,,,1729.067,,,,,,,,,,,,,,,,,,,,,,
20220211,PY12400,odr-10,Post-dauer,1mM NAA,20220211_daf-2_OH16029_PHX3508_odr-10-t2A-mNG_PD_adult_NAA_recovery - 2.Project Maximum Z_XY1644597065_Z0_T0_merged.tif:2,56.617,2365.13,1937,1425,6850,133905.501,2137,2989524,2,0,1220.54,,,1144.59,,,,,,,,,,,,,,,,,,,,,,
20220211,PY12400,odr-10,Post-dauer,1mM NAA,20220211_daf-2_OH16029_PHX3508_odr-10-t2A-mNG_PD_adult_NAA_recovery - 2.Project Maximum Z_XY1644597065_Z0_T0_merged.tif:2,54.691,2295.609,1920,1413,7019,125548.019,2039,2802938,2,0,1220.54,,,1075.069,,,,,,,,,,,,,,,,,,,,,,
20220211,PY12400,odr-10,Post-dauer,1mM NAA,20220211_daf-2_OH16029_PHX3508_odr-10-t2A-mNG_PD_adult_NAA_recovery - 3.Project Maximum Z_XY1644597126_Z0_T0_merged.tif:2,47.479,3206.756,2632,1531,10126,152253.789,2969,3399161,2,0,1254.965,,,1951.791,,,,,,,,,,,,,,,,,,,,,,
20220211,PY12400,odr-10,Post-dauer,1mM NAA,20220211_daf-2_OH16029_PHX3508_odr-10-t2A-mNG_PD_adult_NAA_recovery - 3.Project Maximum Z_XY1644597126_Z0_T0_merged.tif:2,25.89,2622.789,2468,1618,5246,67902.78,2512,1515972,2,0,1254.965,,,1367.824,,,,,,,,,,,,,,,,,,,,,,
20220211,PY12400,odr-10,Post-dauer,1mM NAA,20220211_daf-2_OH16029_PHX3508_odr-10-t2A-mNG_PD_adult_NAA_recovery - 4.Project Maximum Z_XY1644597237_Z0_T0_merged.tif:2,33.504,2492.364,2175,1572,7297,83504.404,2335,1864288,2,0,1257.595,,,1234.769,,,,,,,,,,,,,,,,,,,,,,
20220211,PY12400,odr-10,Post-dauer,1mM NAA,20220211_daf-2_OH16029_PHX3508_odr-10-t2A-mNG_PD_adult_NAA_recovery - 4.Project Maximum Z_XY1644597237_Z0_T0_merged.tif:2,49.987,3725.474,3300,1629,13359,186226.769,3325,4157629,2,0,1257.595,,,2467.879,,,,,,,,,,,,,,,,,,,,,,
20220211,PY12400,odr-10,Post-dauer,1mM NAA,20220211_daf-2_OH16029_PHX3508_odr-10-t2A-mNG_PD_adult_NAA_recovery - 5.Project Maximum Z_XY1644597314_Z0_T0_merged.tif:2,56.751,3654.391,2984,1408,15235,207390.118,3240,4630114,2,0,1230.279,,,2424.112,,,,,,,,,,,,,,,,,,,,,,
20220211,PY12400,odr-10,Post-dauer,1mM NAA,20220211_daf-2_OH16029_PHX3508_odr-10-t2A-mNG_PD_adult_NAA_recovery - 5.Project Maximum Z_XY1644597314_Z0_T0_merged.tif:2,48.061,2879.169,2955,1421,7790,138376.776,2766,3089348,2,0,1230.279,,,1648.89,,,,,,,,,,,,,,,,,,,,,,
20220211,PY12400,odr-10,Post-dauer,1mM NAA,20220211_daf-2_OH16029_PHX3508_odr-10-t2A-mNG_PD_adult_NAA_recovery - 6.Project Maximum Z_XY1644597385_Z0_T0_merged.tif:2,57.468,3533.864,2237,1582,9664,203082.691,3203,4533948,2,0,1260.403,,,2273.461,,,,,,,,,,,,,,,,,,,,,,
20220211,PY12400,odr-10,Post-dauer,1mM NAA,20220211_daf-2_OH16029_PHX3508_odr-10-t2A-mNG_PD_adult_NAA_recovery - 6.Project Maximum Z_XY1644597385_Z0_T0_merged.tif:2,59.707,2988.768,2679,1456,8817,178450.906,2805,3984028,2,0,1260.403,,,1728.365,,,,,,,,,,,,,,,,,,,,,,
20220211,PY12400,odr-10,Post-dauer,1mM NAA,20220211_daf-2_OH16029_PHX3508_odr-10-t2A-mNG_PD_adult_NAA_recovery - 7.Project Maximum Z_XY1644597456_Z0_T0_merged.tif:2,57.064,3551.855,2715,1568,14477,202684.718,3103,4525063,2,0,1224.339,,,2327.516,,,,,,,,,,,,,,,,,,,,,,
20220211,PY12400,odr-10,Post-dauer,1mM NAA,20220211_daf-2_OH16029_PHX3508_odr-10-t2A-mNG_PD_adult_NAA_recovery - 7.Project Maximum Z_XY1644597456_Z0_T0_merged.tif:2,76.414,2697.865,1795,1377,10206,206155.841,2453,4602558,2,0,1224.339,,,1473.526,,,,,,,,,,,,,,,,,,,,,,
20220211,PY12400,odr-10,Post-dauer,1mM NAA,20220211_daf-2_OH16029_PHX3508_odr-10-t2A-mNG_PD_adult_NAA_recovery - 8.Project Maximum Z_XY1644597524_Z0_T0_merged.tif:2,59.125,3315.417,2250,1511,15570,196023.628,2944,4376350,2,0,1239.095,,,2076.322,,,,,,,,,,,,,,,,,,,,,,
20220211,PY12400,odr-10,Post-dauer,1mM NAA,20220211_daf-2_OH16029_PHX3508_odr-10-t2A-mNG_PD_adult_NAA_recovery - 8.Project Maximum Z_XY1644597524_Z0_T0_merged.tif:2,40.94,3644.472,3232,1618,9159,149202.855,3378,3331047,2,0,1239.095,,,2405.377,,,,,,,,,,,,,,,,,,,,,,
20220214,PY12400,odr-10,Post-dauer,NGM,20220214_daf-2_OH16029_PHX3508_odr-10-t2A-mNG_PD_adult_NGM_recovery.Project Maximum Z_XY1644860147_Z0_T0_merged.tif:2,62.708,3947.751,2823,1683,18145,247556.384,3308,5526851,2,0,1316.733,,,2631.018,,,,,,,,,,,,,,,,,,,,,,
20220214,PY12400,odr-10,Post-dauer,NGM,20220214_daf-2_OH16029_PHX3508_odr-10-t2A-mNG_PD_adult_NGM_recovery.Project Maximum Z_XY1644860147_Z0_T0_merged.tif:2,63.425,3997.362,2926,1712,20960,253532.208,3292,5660265,2,0,1316.733,,,2680.629,,,,,,,,,,,,,,,,,,,,,,
20220214,PY12400,odr-10,Post-dauer,NGM,20220214_daf-2_OH16029_PHX3508_odr-10-t2A-mNG_PD_adult_NGM_recovery - 1.Project Maximum Z_XY1644860213_Z0_T0_merged.tif:2,52.406,3701.344,2684,1756,10908,193973.203,3467,4330573,2,0,1303.783,,,2397.561,,,,,,,,,,,,,,,,,,,,,,
20220214,PY12400,odr-10,Post-dauer,NGM,20220214_daf-2_OH16029_PHX3508_odr-10-t2A-mNG_PD_adult_NGM_recovery - 1.Project Maximum Z_XY1644860213_Z0_T0_merged.tif:2,49.181,4298.375,3443,1718,11674,211399.054,3825,4719616,2,0,1303.783,,,2994.592,,,,,,,,,,,,,,,,,,,,,,
20220214,PY12400,odr-10,Post-dauer,NGM,20220214_daf-2_OH16029_PHX3508_odr-10-t2A-mNG_PD_adult_NGM_recovery - 2.Project Maximum Z_XY1644860280_Z0_T0_merged.tif:2,63.201,4432.271,3240,1610,24680,280123.58,3747,6253934,2,0,1264.999,,,3167.272,,,,,,,,,,,,,,,,,,,,,,
20220214,PY12400,odr-10,Post-dauer,NGM,20220214_daf-2_OH16029_PHX3508_odr-10-t2A-mNG_PD_adult_NGM_recovery - 2.Project Maximum Z_XY1644860280_Z0_T0_merged.tif:2,64.455,3612.65,1900,1608,12384,232853.638,3359,5198603,2,0,1264.999,,,2347.651,,,,,,,,,,,,,,,,,,,,,,
20220214,PY12400,odr-10,Post-dauer,NGM,20220214_daf-2_OH16029_PHX3508_odr-10-t2A-mNG_PD_adult_NGM_recovery - 3.Project Maximum Z_XY1644860326_Z0_T0_merged.tif:2,65.754,3724.765,2934,1579,17503,244918.339,3101,5467955,2,0,1244.108,,,2480.657,,,,,,,,,,,,,,,,,,,,,,
20220214,PY12400,odr-10,Post-dauer,NGM,20220214_daf-2_OH16029_PHX3508_odr-10-t2A-mNG_PD_adult_NGM_recovery - 3.Project Maximum Z_XY1644860326_Z0_T0_merged.tif:2,67.008,2943.719,2599,1520,11696,197253.291,2608,4403803,2,0,1244.108,,,1699.611,,,,,,,,,,,,,,,,,,,,,,
20220214,PY12400,odr-10,Post-dauer,NGM,20220214_daf-2_OH16029_PHX3508_odr-10-t2A-mNG_PD_adult_NGM_recovery - 4.Project Maximum Z_XY1644860402_Z0_T0_merged.tif:2,65.44,3659.833,3554,1733,15034,239501.291,3261,5347016,2,0,1315.892,,,2343.941,,,,,,,,,,,,,,,,,,,,,,
20220214,PY12400,odr-10,Post-dauer,NGM,20220214_daf-2_OH16029_PHX3508_odr-10-t2A-mNG_PD_adult_NGM_recovery - 4.Project Maximum Z_XY1644860402_Z0_T0_merged.tif:2,35.923,4174.209,2204,1978,12122,149949.486,3527,3347716,2,0,1315.892,,,2858.317,,,,,,,,,,,,,,,,,,,,,,
20220214,PY12400,odr-10,Post-dauer,NGM,20220214_daf-2_OH16029_PHX3508_odr-10-t2A-mNG_PD_adult_NGM_recovery - 5.Project Maximum Z_XY1644860460_Z0_T0_merged.tif:2,56.348,4031.969,3961,1544,13674,227192.609,3818,5072217,2,0,1278.195,,,2753.774,,,,,,,,,,,,,,,,,,,,,,
20220214,PY12400,odr-10,Post-dauer,NGM,20220214_daf-2_OH16029_PHX3508_odr-10-t2A-mNG_PD_adult_NGM_recovery - 5.Project Maximum Z_XY1644860460_Z0_T0_merged.tif:2,65.978,4121.372,3269,1649,26272,271919.868,3605,6070781,2,0,1278.195,,,2843.177,,,,,,,,,,,,,,,,,,,,,,
20220214,PY12400,odr-10,Post-dauer,1mM NAA,20220214_daf-2_OH16029_PHX3508_odr-10-t2A-mNG_PD_adult_NAA_recovery.Project Maximum Z_XY1644859696_Z0_T0_merged.tif:2,54.063,3488.377,2805,1695,16078,188593.645,2967,4210471,2,0,1285.208,,,2203.169,,,,,,,,,,,,,,,,,,,,,,
20220214,PY12400,odr-10,Post-dauer,1mM NAA,20220214_daf-2_OH16029_PHX3508_odr-10-t2A-mNG_PD_adult_NAA_recovery.Project Maximum Z_XY1644859696_Z0_T0_merged.tif:2,64.365,3126.12,2266,1536,17926,201214.3,2733,4492235,2,0,1285.208,,,1840.912,,,,,,,,,,,,,,,,,,,,,,
20220214,PY12400,odr-10,Post-dauer,1mM NAA,20220214_daf-2_OH16029_PHX3508_odr-10-t2A-mNG_PD_adult_NAA_recovery - 1.Project Maximum Z_XY1644859756_Z0_T0_merged.tif:2,49.226,4176.474,3176,1633,24468,205590.885,3454,4589945,2,0,1299.356,,,2877.118,,,,,,,,,,,,,,,,,,,,,,
20220214,PY12400,odr-10,Post-dauer,1mM NAA,20220214_daf-2_OH16029_PHX3508_odr-10-t2A-mNG_PD_adult_NAA_recovery - 1.Project Maximum Z_XY1644859756_Z0_T0_merged.tif:2,62.036,3691.594,2612,1709,24898,229012.939,3128,5112857,2,0,1299.356,,,2392.238,,,,,,,,,,,,,,,,,,,,,,
20220214,PY12400,odr-10,Post-dauer,1mM NAA,20220214_daf-2_OH16029_PHX3508_odr-10-t2A-mNG_PD_adult_NAA_recovery - 2.Project Maximum Z_XY1644859825_Z0_T0_merged.tif:2,50.167,3497.475,2754,1482,17505,175456.32,3025,3917172,2,0,1282.701,,,2214.774,,,,,,,,,,,,,,,,,,,,,,
20220214,PY12400,odr-10,Post-dauer,1mM NAA,20220214_daf-2_OH16029_PHX3508_odr-10-t2A-mNG_PD_adult_NAA_recovery - 2.Project Maximum Z_XY1644859825_Z0_T0_merged.tif:2,53.436,3500.163,2431,1523,10138,187035.973,3107,4175695,2,0,1282.701,,,2217.462,,,,,,,,,,,,,,,,,,,,,,
20220214,PY12400,odr-10,Post-dauer,1mM NAA,20220214_daf-2_OH16029_PHX3508_odr-10-t2A-mNG_PD_adult_NAA_recovery - 3.Project Maximum Z_XY1644859881_Z0_T0_merged.tif:2,46.897,3775.494,3005,1631,12159,177058.515,3180,3952942,2,0,1329.178,,,2446.316,,,,,,,,,,,,,,,,,,,,,,
20220214,PY12400,odr-10,Post-dauer,1mM NAA,20220214_daf-2_OH16029_PHX3508_odr-10-t2A-mNG_PD_adult_NAA_recovery - 3.Project Maximum Z_XY1644859881_Z0_T0_merged.tif:2,39.058,5707.641,2735,1676,35507,222930.511,4178,4977063,2,0,1329.178,,,4378.463,,,,,,,,,,,,,,,,,,,,,,
20220214,PY12400,odr-10,Post-dauer,1mM NAA,20220214_daf-2_OH16029_PHX3508_odr-10-t2A-mNG_PD_adult_NAA_recovery - 4.Project Maximum Z_XY1644859955_Z0_T0_merged.tif:2,58.991,4058.936,3019,1624,14784,239438.717,3566,5345619,2,0,1304.3,,,2754.636,,,,,,,,,,,,,,,,,,,,,,
20220214,PY12400,odr-10,Post-dauer,1mM NAA,20220214_daf-2_OH16029_PHX3508_odr-10-t2A-mNG_PD_adult_NAA_recovery - 4.Project Maximum Z_XY1644859955_Z0_T0_merged.tif:2,63.604,3870.152,2100,1723,15592,246157.319,3120,5495616,2,0,1304.3,,,2565.852,,,,,,,,,,,,,,,,,,,,,,
20220214,PY12400,odr-10,Post-dauer,1mM NAA,20220214_daf-2_OH16029_PHX3508_odr-10-t2A-mNG_PD_adult_NAA_recovery - 5.Project Maximum Z_XY1644860006_Z0_T0_merged.tif:2,53.526,3041.806,2301,1609,10361,162815.509,2547,3634958,2,0,1321.785,,,1720.021,,,,,,,,,,,,,,,,,,,,,,
20220214,PY12400,odr-10,Post-dauer,1mM NAA,20220214_daf-2_OH16029_PHX3508_odr-10-t2A-mNG_PD_adult_NAA_recovery - 5.Project Maximum Z_XY1644860006_Z0_T0_merged.tif:2,73.996,3970.304,3884,1635,12783,293785.37,3305,6558942,2,0,1321.785,,,2648.519,,,,,,,,,,,,,,,,,,,,,,